particle,spectra,target_x,target_y,actual_x,actual_y,size_w,size_l,morphology,color,other_observation,notes,row,object_id,library_id,match_val,match_threshold,good_correlations,signal_to_noise,signal_threshold,good_signal,good_matches,x,y,file_name,license.x,col_id,session_id,file_id,sn,organization,spectrum_type,spectrum_identity,librarytype,spectrumid,owner,rruffid,ideal_chemistry,locality,source,status,url,measured_chemistry,instrument_mode,intensity_units,other_info,jcamp-dx,yfactor,deltax,instrument_used,material_color,citation,brand,item,location,width,depth,particle_massmg,tgoc,tmoc,onset,enthalpyj_g,qa_qc,framework,abbreviation,spectral_resolution,instrument_accessories,wavenumber_range,user_name,region,campaign,state,treatment,analysis,exposure_days,polymer_id,file_legacy,locationdescription,country,lat,lon,spec_hash,x_unit,y_unit,product_id,supplier,specifications,pin_id,orientation,replicate,longest_dimension,license.y,samples,lines,bands,header_offset,data_type,interleave,pixel_size,otherinfo,pressure,temperature,material_form,material_producer,number_of_accumulations,time,ratio_against_background,truncated,elementmultiply_or_elementdivide,collection_length,sample_gain,number_of_background_scans,background_gain,sample_spacing,resolution_points,number_of_fft_points,apodization,bench_serial_number,subtraction_or_addition,baseline_correction,perctransmittance_absorbance,sponsor,grating,hole_sizenm,slitum,filterperc,delays,date,molform,aperture,beamsplitter,detectordiadetport_in_sphere,sphere_diameter,acquisition_mode,scanner_speed,phase_resolution,phase_correction,zerofilling,wavenumber_accuracy,low_pass_filter,switch_gain_on,mw,contact_info,cas_number,material_quality,laser_light_used,total_acquisition_time_s,data_processing_proceedure,level_of_confidence_in_identification,smoother,density,material_class,plastic_or_not,material_class_specific,max_cor_class,max_cor_val
1,1,,,-10183,-10615,<50,200-300,fiber/filament,translucent,"Very close to edge, iffy spectra, may not transmit",,1,V2,01753a31301e577c5d672fece8b9f15c,0.759482,0.7,TRUE,3.802578,4,FALSE,FALSE,1,1,BigMeadow_March182022_1_100_1-250001.CSV,CC BY-NC,V2,bd642a3cea4aa3840a4315f2642c3cae/9fb8439a1a35efb2ddfa4e64815c4261,778424020853f900728c25c974ab0e4c,4.501921,win cowger and sebastian primpke,ftir,fibre_indian_raw_cotton,"polymer, minerals, organic materials",reflectance_4_h8_2,,,,,awi,,,,reflectance,,,,,,,,cowger et al. 'high throughput ftir analysis of macro and microplastics with plate readers' in prep,,,,,,,,,,,,plant fibre,fibre_indian_raw_cotton,,,,,,,,,,,,,,,,,,,,,,,,,,,,,,,,,,,,,,faserinstitut bremen,,,,,,,,,,,,,,,,,,,,,,,,,,,,,,,,,,,,,,,,,,,,,none,,,,organic matter,not plastic,,organic matter,0.977186
2,2,,,-10291,-13306,100-200,100-200,fragment,white ,Close to edge,,2,V2.1,b9400788153c3de5325eeb1089df0d27,0.869914,0.7,TRUE,11.62226,4,TRUE,TRUE,2,1,BigMeadow_March182022_1_100_1-250002.CSV,CC BY-NC,V2.1,bd642a3cea4aa3840a4315f2642c3cae/9fb8439a1a35efb2ddfa4e64815c4261,7f52504e3a5077fa342d253d9896589b,10.87315,win cowger and sebastian primpke,ftir,tomato skin,"polymer, minerals, organic materials",transmission_4_e8_2,,,,,,,,,transmission,,,,,,,,cowger et al. 'high throughput ftir analysis of macro and microplastics with plate readers' in prep,,,,,,,,,,,,,,,,,,,,,,,,,,,,,,,,,,,,,,,,,,,,,,,,,,,,,,,,,,,,,,,,,,,,,,,,,,,,,,,,,,,,,,,,,,,,,,,,none,,,,organic matter,not plastic,,organic matter,0.972554
3,3,,,-9359,-10966,50-100,50-100,fragment,translucent,,,3,V2.2,8cc79e3af239e30f74dbfbe1e1f698f6,0.882526,0.7,TRUE,28.02379,4,TRUE,TRUE,3,1,BigMeadow_March182022_1_100_1-250003.CSV,CC BY-NC,V2.2,bd642a3cea4aa3840a4315f2642c3cae/9fb8439a1a35efb2ddfa4e64815c4261,eadb58c942954e69702f32a01e5a5e23,118.4212,primpke et al. 2018,ftir,poly(vinyl stearate),"polymer, minerals, organic materials",198primpke,,,,,,,,,atr,,https://doi.org/10.1007/s00216-018-1156-x,,,,,white,,,,,,,,,,,,,,,,,,,,,,,,,,,,,,,,,,,,,,,,,,,,,,,,,,,,powder,"scientific polymer products, inc.",,,,,,,,,,,,,,,,,,,,,,,,,,,,,,,,,,,,,,,,,,,,,,,,polyvinylesters,plastic,poly(vinyl stearate),other plastic,0.947347
4,4,,,-8874,-6931,100-200,300-400,fragment,brown,At edge of filter,,4,V2.3,b03d6029cb2da81d828e21b15a329341,0.875367,0.7,TRUE,4.745157,4,TRUE,TRUE,4,1,BigMeadow_March182022_1_100_1-250004.CSV,CC BY-NC,V2.3,bd642a3cea4aa3840a4315f2642c3cae/9fb8439a1a35efb2ddfa4e64815c4261,263ba9205a3cbc97ad995568ba862674,4.401734,win cowger and sebastian primpke,ftir,fibre_poplar_down,"polymer, minerals, organic materials",reflectance_4_h11_0,,,,,awi,,,,reflectance,,,,,,,,cowger et al. 'high throughput ftir analysis of macro and microplastics with plate readers' in prep,,,,,,,,,,,,plant fibre,fibre_poplar_down,,,,,,,,,,,,,,,,,,,,,,,,,,,,,,,,,,,,,,faserinstitut bremen,,,,,,,,,,,,,,,,,,,,,,,,,,,,,,,,,,,,,,,,,,,,,none,,,,organic matter,not plastic,,organic matter,0.988104
5,5,,,-8566,-7250,<50,100-200,fiber/filament,brown,At edge of filter,,5,V2.4,e771205c0de181cdd7bc2ade47f4dc97,0.701342,0.7,TRUE,4.315443,4,TRUE,TRUE,5,1,BigMeadow_March182022_1_100_1-250005.CSV,CC BY-NC,V2.4,bd642a3cea4aa3840a4315f2642c3cae/9fb8439a1a35efb2ddfa4e64815c4261,19d4be771aa5073706c2a12833578e9c,35.71517,rruff,raman,staurolite,minerals,staurolite__r080120__broad_scan__780__0__unoriented__raman_data_processed__18865,rruff,r080120,fe^2+^_2_al_9_si_4_o_23_(oh),"bahia, brazil",shinichi kihara,the identification of this mineral has been confirmed by single-crystal x-ray diffraction.,rruff.info/r080120,,,,,,,,,,,,,,,,,,,,,,,,,,,,,,,,,,,,,,,,,,,,,,,,,,,,,,,,,,,,,brown cruciform twins,,,,,,,,,,,,,,,,,,,,,,,,,,,,,,,,,,,,,,,,,,,,,,,,,mineral,not plastic,,mineral,0.798473
6,6,,,-8636,-7364,<50,600-700,fiber/filament,brown,"At edge of filter, depth in Z, possibly longer than 700; wraps around itself",,6,V2.5,c6f0b3f7e427f188af3cd1669ebc6ec0,0.581169,0.7,FALSE,4.00281,4,TRUE,FALSE,1,2,BigMeadow_March182022_1_100_1-250006.CSV,CC BY-NC,V2.5,bd642a3cea4aa3840a4315f2642c3cae/9fb8439a1a35efb2ddfa4e64815c4261,6e43e554f1cd8a5fe65ae1a237efd2fb,17.02761,rruff,raman,murmanite,minerals,murmanite__r060886__broad_scan__785__0__unoriented__raman_data_raw__13101,rruff,r060886,na_2_ti^4+^_2_na_2_ti^4+^_2_(si_2_o_7_)_2_o_4_(h_2_o)_4_,"lovozero massif, kola peninsula, russia",bob jenkins,the identification of this mineral has been confirmed by single-crystal x-ray diffraction.,rruff.info/r060886,,,,,,,,,,,,,,,,,,,,,,,,,,,,,,,,,,,,,,,,,,,,,,,,,,,,,,,,,,,,,lilac lamellar aggregate,,,,,,,,,,,,,,,,,,,,,,,,,,,,,,,,,,,,,,,,,,,,,,,,,mineral,not plastic,,mineral,0.828885
7,7,,,-8791,-8751,<50,<50,sphere/spheroid,brown,,,7,V2.6,be71a3487c9d28959d48594e1daca915,0.793757,0.7,TRUE,18.6456,4,TRUE,TRUE,2,2,BigMeadow_March182022_1_100_1-250007.CSV,CC BY-NC,V2.6,bd642a3cea4aa3840a4315f2642c3cae/9fb8439a1a35efb2ddfa4e64815c4261,a2ec6c4deed15943fe6e360bea1c77e3,124.1347,rruff,raman,hendersonite,minerals,hendersonite__r070467__broad_scan__785__0__unoriented__raman_data_raw__17502,rruff,r070467,"ca_1.3_(v^5+^,v^4+^)_6_o_16_&#183;6h_2_o","mineral joe no. 1 mine, paradox valley, uravan district, montrose county, colorado, usa",michael scott,the identification of this mineral is not yet confirmed.,rruff.info/r070467,,,,,,,,,,,,,,,,,,,,,,,,,,,,,,,,,,,,,,,,,,,,,,,,,,,,,,,,,,,,,black to dark green massive associated with rounded pebbles of quartz,,,,,,,,,,,,,,,,,,,,,,,,,,,,,,,,,,,,,,,,,,,,,,,,,mineral,not plastic,,mineral,0.955175
8,8,,,-8148,-7339,<50,500-600,fiber/filament,brown,Depth in Z,,8,V2.7,118731ec54a0047fd12fe4bcc95f285d,0.714731,0.7,TRUE,4.07545,4,TRUE,TRUE,3,2,BigMeadow_March182022_1_100_1-250008.CSV,CC BY-NC,V2.7,bd642a3cea4aa3840a4315f2642c3cae/9fb8439a1a35efb2ddfa4e64815c4261,2d5cec587ca0989a92a0eedbf4e37a2a,142.6833,kimmel_center,ftir,cellulose,"organic materials, minerals, archeology",./cellulose.dx kimmel,unknown,,,,unknown,,,,absorbance,absorbance,"absorbance of natural & biogenic material of archeological interest. collected and provided by prof. steven weiner from kimmel center for archaeological science, weizmann institute of science, israel",5.01  $$ datafile exported by spectragryph v.1.2.15,1,-1.92847,unknown,,,,,,,,,,,,,,,,,,,,,,,,,,,,,,,,,,,,,,,,,,,,,,,,,,,,,,,,,,,,,,,,,,,,,,,,,,,,,,22/04/2012 15:15:04,,,,,,,,,,,,,,,,,,,,,,,,organic matter,not plastic,,other material,0.98989
9,9,,,-8073,-7982,50-100,50-100,fragment,brown,,,9,V2.8,58375be1bf614f270e8260c7ee3bea91,0.85938,0.7,TRUE,6.965893,4,TRUE,TRUE,4,2,BigMeadow_March182022_1_100_1-250009.CSV,CC BY-NC,V2.8,bd642a3cea4aa3840a4315f2642c3cae/9fb8439a1a35efb2ddfa4e64815c4261,f674c7377feb6b0606c336d01063bb8b,7.192625,win cowger and sebastian primpke,ftir,fibre_jute,"polymer, minerals, organic materials",reflectance_5_a7_3,,,,,awi,,,,reflectance,,,,,,,,cowger et al. 'high throughput ftir analysis of macro and microplastics with plate readers' in prep,,,,,,,,,,,,plant fibre,fibre_jute,,,,,,,,,,,,,,,,,,,,,,,,,,,,,,,,,,,,,,faserinstitut bremen,,,,,,,,,,,,,,,,,,,,,,,,,,,,,,,,,,,,,,,,,,,,,none,,,,organic matter,not plastic,,organic matter,0.975521
10,10,,,-8280,-8166,<50,<50,fragment,brown,,,10,V2.9,d38fd6ca8fa51bcc0aa044add23b3826,0.763611,0.7,TRUE,4.935633,4,TRUE,TRUE,5,2,BigMeadow_March182022_1_100_1-250010.CSV,CC BY-NC,V2.9,bd642a3cea4aa3840a4315f2642c3cae/9fb8439a1a35efb2ddfa4e64815c4261,5e21ee4b1baef55942d0b3fb2a6724e9,339.7834,kimmel_center,ftir,"wood tamarisk modern timna, israel","organic materials, minerals, archeology","./wood tamarisk modern timna, israel.dx kimmel",unknown,,,,unknown,,,,absorbance,absorbance,"absorbance of natural & biogenic material of archeological interest. collected and provided by prof. steven weiner from kimmel center for archaeological science, weizmann institute of science, israel",5.01  $$ datafile exported by spectragryph v.1.2.15,1,-1.92847,unknown,,,,,,,,,,,,,,,,,,,,,,,,,,,,,,,,,,,,,,,,,,,,,,,,,,,,,,,,,,,,,,,,,,,,,,,,,,,,,,########,,,,,,,,,,,,,,,,,,,,,,,,organic matter,not plastic,,other material,0.98891
11,11,,,-8271,-9142,50-100,50-100,fragment,translucent,"Interesting spectra*** Omnic open specy says 75.79 cellulose derivative other, 75.76 polyolefins polyalkenes",,11,V2.10,2f9f2f519aa6a9b0cbbeca01db3a9d63,0.731044,0.7,TRUE,4.570545,4,TRUE,TRUE,1,3,BigMeadow_March182022_1_100_1-250011.CSV,CC BY-NC,V2.10,bd642a3cea4aa3840a4315f2642c3cae/9fb8439a1a35efb2ddfa4e64815c4261,d2886dc2b2af169fe9258f3656adb08f,74.86878,rruff,raman,vesuvianite,minerals,vesuvianite__r050233__broad_scan__780__0__unoriented__raman_data_raw__17524,rruff,r050233,"(ca,na)_19_(al,mg,fe^3+^)_13_(sio_4_)_10_(si_2_o_7_)_4_(oh,f,o)_10_","ludwig, nevada, usa",marcus origlieri,the identification of this mineral has been confirmed by x-ray diffraction and chemical analysis,rruff.info/r050233,ca_19.00_(al_10.04_mg_2.54_fe^2+^_0.42_)_=13_(si_17.96_al_0.04_)_=18_o_68_((oh)_9.66_f_0.34_)_=10_ ; boron not analyzed.,,,,,,,,,,,,,,,,,,,,,,,,,,,,,,,,,,,,,,,,,,,,,,,,,,,,,,,,,,,,pale green euhedral single crystal,,,,,,,,,,,,,,,,,,,,,,,,,,,,,,,,,,,,,,,,,,,,,,,,,mineral,not plastic,,mineral,0.824256
12,12,,,-7939,-7350,<50,200-300,fiber/filament,brown,Depth in Z,,12,V2.11,5e37f04fe339bb42fa621323ab262a1a,0.793574,0.7,TRUE,7.105787,4,TRUE,TRUE,2,3,BigMeadow_March182022_1_100_1-250012.CSV,CC BY-NC,V2.11,bd642a3cea4aa3840a4315f2642c3cae/9fb8439a1a35efb2ddfa4e64815c4261,b8a8422fe9a2a2bb7bf63e493a3b8f4f,142.4458,win cowger and sebastian primpke,ftir,ps,"polymer, minerals, organic materials",reflectance_7_e3_1,,,,,,,,,reflectance,,,,,,,,"roscher, lisa; fehres, annika; reisel, lorenz; halbach, maurits; scholz-bttcher, barbara; gerriets, michaela; badewien, thomas h; shiravani, gholamreza; wurpts, andreas; primpke, sebastian; gerdts, gunnar (2021): abundances of large microplastics (l-mp, 500-5000 m) in surface waters of the weser estuary and the german north sea (april 2018). pangaea, https://doi.org/10.1594/pangaea.938143",,,,,,,,,,,,,,,,,,,,,,,,,,,,,,,,,,,,,,,1204,,,,,,,,,,,,,,,,,,,,,,,,,,,,,,,,,,,,,,,,,,,,,,,,,,,,,,,,,none,,,,"polystyrenes (polyphenylethylenes, -methylstyrene)",plastic,polystyrene,polyolefins (polyalkenes),0.989857
13,13,,,-7692,-6965,50-100,50-100,fragment,black,,,13,V2.12,a83300a203e7df7954f054242746922a,0.843033,0.7,TRUE,7.897909,4,TRUE,TRUE,3,3,BigMeadow_March182022_1_100_1-250013.CSV,CC BY-NC,V2.12,bd642a3cea4aa3840a4315f2642c3cae/9fb8439a1a35efb2ddfa4e64815c4261,6a7dbc59780b9f252bb1dab7362e5612,6.228064,usda,ftir,soil,soil,298004xn01_usda,,,,,,,,,reflection,,,,,,bruker vertex-70 with hts-xt,,,,,,,,,,,,,,,,4 cm-1,cooled detector,"600 to 4000 cm1, applying 32 scans",,,,,,,,,,,,,,,,,,,,,,,,,,,,,,,,,,,,,,,,,,,,,,,,,,,,,,,,,,,,,,,,,,,,,,,,,,,,,,,,,,,,other material,not plastic,,other material,0.983592
14,14,,,-7725,-8169,<50,100-200,fiber/filament,translucent,,,14,V2.13,e42f6ddbda160f2a9b764f2a3475ce9e,0.919896,0.7,TRUE,5.694589,4,TRUE,TRUE,4,3,BigMeadow_March182022_1_100_1-250014.CSV,CC BY-NC,V2.13,bd642a3cea4aa3840a4315f2642c3cae/9fb8439a1a35efb2ddfa4e64815c4261,6214d898b5057abf63e9a61f6ac9ee89,5.798567,win cowger and sebastian primpke,ftir,fibre_cotton_us_pima,"polymer, minerals, organic materials",transmission_4_h5_2,,,,,awi,,,,transmission,,,,,,,,cowger et al. 'high throughput ftir analysis of macro and microplastics with plate readers' in prep,,,,,,,,,,,,plant fibre,fibre_cotton_us_pima,,,,,,,,,,,,,,,,,,,,,,,,,,,,,,,,,,,,,,faserinstitut bremen,,,,,,,,,,,,,,,,,,,,,,,,,,,,,,,,,,,,,,,,,,,,,none,,,,organic matter,not plastic,,organic matter,0.815313
15,15,,,-7531,-8158,<50,<50,fragment,translucent,"On wire, iffy spectra",,15,V2.14,83e115134bdcd8afb1b87a0b68c913e0,0.756984,0.7,TRUE,6.450166,4,TRUE,TRUE,5,3,BigMeadow_March182022_1_100_1-250015.CSV,CC BY-NC,V2.14,bd642a3cea4aa3840a4315f2642c3cae/9fb8439a1a35efb2ddfa4e64815c4261,c2156f99d136a7d6d0fde9e63b45bc01,19.88079,win cowger and sebastian primpke,ftir,gum rosin,"polymer, minerals, organic materials",reflectance_3_h1_3,,,,,awi,,,,reflectance,,,,,,,,cowger et al. 'high throughput ftir analysis of macro and microplastics with plate readers' in prep,,,,,,,,,,,,,gum rosin,,,,,,,,,,,,,,,,,,,,,,,,,,,,,,,,,,,,,,sigma-aldrich,,,,,,,,,,,,,,,,,,,,,,,,,,,,,,,,,,,,,,,,,,,,,none,,,,other material,not plastic,,other material,0.985087
16,16,,,-7767,-8463,50-100,50-100,fragment,white ,,,16,V2.15,e08f6c1985ac63197f050aaa63062b19,0.847835,0.7,TRUE,10.50462,4,TRUE,TRUE,1,4,BigMeadow_March182022_1_100_1-250016.CSV,CC BY-NC,V2.15,bd642a3cea4aa3840a4315f2642c3cae/9fb8439a1a35efb2ddfa4e64815c4261,871225ef39975f5374e3d40e35bbb00b,10.46111,win cowger and sebastian primpke,ftir,tomato skin,"polymer, minerals, organic materials",reflectance_4_e9_0,,,,,,,,,reflectance,,,,,,,,cowger et al. 'high throughput ftir analysis of macro and microplastics with plate readers' in prep,,,,,,,,,,,,,,,,,,,,,,,,,,,,,,,,,,,,,,,,,,,,,,,,,,,,,,,,,,,,,,,,,,,,,,,,,,,,,,,,,,,,,,,,,,,,,,,,none,,,,organic matter,not plastic,,organic matter,0.850253
17,17,,,-7219,-7668,50-100,50-100,fragment,white ,Looks mineral,,17,V2.16,4e94e40a9cfdfd695d7de766f24852ca,0.757402,0.7,TRUE,8.19284,4,TRUE,TRUE,2,4,BigMeadow_March182022_1_100_1-250017.CSV,CC BY-NC,V2.16,bd642a3cea4aa3840a4315f2642c3cae/9fb8439a1a35efb2ddfa4e64815c4261,2101b323435b8791886a00736252739c,7.157458,win cowger and sebastian primpke,ftir,pp,"polymer, minerals, organic materials",reflectance_7_g10_2,,,,,,,,,reflectance,,,,,,,,"roscher, lisa; fehres, annika; reisel, lorenz; halbach, maurits; scholz-bttcher, barbara; gerriets, michaela; badewien, thomas h; shiravani, gholamreza; wurpts, andreas; primpke, sebastian; gerdts, gunnar (2021): abundances of large microplastics (l-mp, 500-5000 m) in surface waters of the weser estuary and the german north sea (april 2018). pangaea, https://doi.org/10.1594/pangaea.938143",,,,,,,,,,,,,,,,,,,,,,,,,,,,,,,,,,,,,,,1721,,,,,,,,,,,,,,,,,,,,,,,,,,,,,,,,,,,,,,,,,,,,,,,,,,,,,,,,,none,,,,polyolefins (polyalkenes),plastic,poly(propylene),polyolefins (polyalkenes),0.915098
18,18,,,-6753,-8342,<50,<50,fragment,white ,"On wire, iffy spectra",,18,V2.17,cb6eea337bbd590aa2dbc1262e9858c6,0.81463,0.7,TRUE,26.08541,4,TRUE,TRUE,3,4,BigMeadow_March182022_1_100_1-250018.CSV,CC BY-NC,V2.17,bd642a3cea4aa3840a4315f2642c3cae/9fb8439a1a35efb2ddfa4e64815c4261,e1eb3cc0e72b2ac8f814b0bedaa52d83,38.44349,rachel kozloski,ftir,ptfe,polymers,,,,,,,,,,transmission,,"sample received from manufacturer and ground into microparticles in the lab
spectra collected with thermofisher in10 uftir (cooled), transmission mode (absorbance),
resolution = 8, aperture = 50umx50um, filter = beer-norton, step = 25um",,,,,,,,,,,,,,,,,,,,,,,rachel kozloski,,,,,,,,,,,,,,,,,,,,,,,cc by-nc,,,,,,,,,,,,,,,,,,,,,,,,,,,,,,,,,,,,,,,,,,,,,,,,,,,,,,,,,,,,polyhaloolefins (vinylhalides),plastic,poly(tetrafluoroethylene),polyhaloolefins (vinylhalides),0.984008
19,19,,,-6571,-3999,50-100,50-100,fragment,brown,"At filter edge, iffy spectra",,19,V2.18,f3318fd9bbb398518ba6143a2939cf59,0.89815,0.7,TRUE,7.670058,4,TRUE,TRUE,4,4,BigMeadow_March182022_1_100_1-250019.CSV,CC BY-NC,V2.18,bd642a3cea4aa3840a4315f2642c3cae/9fb8439a1a35efb2ddfa4e64815c4261,0b7e6b102dee4ab4efba0e55733c35b2,6.517447,usda,ftir,soil,soil,297915xn04_usda,,,,,,,,,reflection,,,,,,bruker vertex-70 with hts-xt,,,,,,,,,,,,,,,,4 cm-1,cooled detector,"600 to 4000 cm1, applying 32 scans",,,,,,,,,,,,,,,,,,,,,,,,,,,,,,,,,,,,,,,,,,,,,,,,,,,,,,,,,,,,,,,,,,,,,,,,,,,,,,,,,,,,other material,not plastic,,other material,0.986281
20,20,,,-6628,-20312,<50,50-100,fiber/filament,translucent,"At filter edge, disappears underneath washer",,20,V2.19,339f98fe645b307cc49252202e6eaac7,0.884674,0.7,TRUE,5.049904,4,TRUE,TRUE,5,4,BigMeadow_March182022_1_100_1-250020.CSV,CC BY-NC,V2.19,bd642a3cea4aa3840a4315f2642c3cae/9fb8439a1a35efb2ddfa4e64815c4261,6eb10da1734fda0c071e4d66edc62820,6.619077,usda,ftir,soil,soil,73636xs04_usda,,,,,,,,,reflection,,,,,,bruker vertex-70 with hts-xt,,,,,,,,,,,,,,,,4 cm-1,cooled detector,"600 to 4000 cm1, applying 32 scans",,,,,,,,,,,,,,,,,,,,,,,,,,,,,,,,,,,,,,,,,,,,,,,,,,,,,,,,,,,,,,,,,,,,,,,,,,,,,,,,,,,,other material,not plastic,,other material,0.989551
21,21,,,-6222,-17274,100-200,100-200,fragment,translucent,Interesting spectra*** Omnic open specy says 75.99 polyolefins polyalkenes,,21,V2.20,8a8e265942040749bb20da7a598c5216,0.844361,0.7,TRUE,17.35006,4,TRUE,TRUE,1,5,BigMeadow_March182022_1_100_1-250021.CSV,CC BY-NC,V2.20,bd642a3cea4aa3840a4315f2642c3cae/9fb8439a1a35efb2ddfa4e64815c4261,f784698387a3141a0c5fab3adf234b26,14.87634,win cowger and sebastian primpke,ftir,pe,"polymer, minerals, organic materials",reflectance_7_e6_1,,,,,,,,,reflectance,,,,,,,,"roscher, lisa; fehres, annika; reisel, lorenz; halbach, maurits; scholz-bttcher, barbara; gerriets, michaela; badewien, thomas h; shiravani, gholamreza; wurpts, andreas; primpke, sebastian; gerdts, gunnar (2021): abundances of large microplastics (l-mp, 500-5000 m) in surface waters of the weser estuary and the german north sea (april 2018). pangaea, https://doi.org/10.1594/pangaea.938143",,,,,,,,,,,,,,,,,,,,,,,,,,,,,,,,,,,,,,,1568,,,,,,,,,,,,,,,,,,,,,,,,,,,,,,,,,,,,,,,,,,,,,,,,,,,,,,,,,none,,,,polyolefins (polyalkenes),plastic,poly(ethylene),polyolefins (polyalkenes),0.967956
22,22,,,-6272,-5536,<50,50-100,fiber/filament,black,"Disappears behind wire, possibly longer.",,22,V2.21,892d681acd19e132a7f6a092a176f18c,0.838607,0.7,TRUE,8.451272,4,TRUE,TRUE,2,5,BigMeadow_March182022_1_100_1-250022.CSV,CC BY-NC,V2.21,bd642a3cea4aa3840a4315f2642c3cae/9fb8439a1a35efb2ddfa4e64815c4261,3933a6865e3f48231985d72885ddea93,9.464255,primpke et al. 2018,ftir,fibre grass,"polymer, minerals, organic materials",82primpke,,,,,,,,,atr,,https://doi.org/10.1007/s00216-018-1156-x,,,,,brown,,,,,,,,,,,,,,,,,,,,,,,,,,,,,,,,,,,,,,,,,,,,,,,,,,,,fibre,faserinstitut bremen,,,,,,,,,,,,,,,,,,,,,,,,,,,,,,,,,,,,,,,,,,,,,,,,organic matter,not plastic,,organic matter,0.926263
23,23,,,-5930,-3489,50-100,50-100,fragment,white ,At edge of filter,,23,V2.22,45e6b3d089c8f1eb3526bf27c9cdb633,0.76405,0.7,TRUE,4.251713,4,TRUE,TRUE,3,5,BigMeadow_March182022_1_100_1-250023.CSV,CC BY-NC,V2.22,bd642a3cea4aa3840a4315f2642c3cae/9fb8439a1a35efb2ddfa4e64815c4261,2a8ffc643fd5cb530f600903faf71edc,15.06957,kimmel_center,ftir,recent pollen 3 pinus,"organic materials, minerals, archeology",./pollen 3 pinus recent.dx kimmel,unknown,,,,unknown,,,,absorbance,absorbance,"absorbance of natural & biogenic material of archeological interest. collected and provided by prof. steven weiner from kimmel center for archaeological science, weizmann institute of science, israel",5.01  $$ datafile exported by spectragryph v.1.2.15,1,-0.96423,unknown,,,,,,,,,,,,,,,,,,,,,,,,,,,,,,,,,,,,,,,,,,,,,,,,,,,,,,,,,,,,,,,,,,,,,,,,,,,,,,########,,,,,,,,,,,,,,,,,,,,,,,,other material,not plastic,,other material,0.904896
24,24,,,-5918,-9219,50-100,50-100,fragment,yellow,Looks mineral,,24,V2.23,45e6b3d089c8f1eb3526bf27c9cdb633,0.855858,0.7,TRUE,7.598873,4,TRUE,TRUE,4,5,BigMeadow_March182022_1_100_1-250024.CSV,CC BY-NC,V2.23,bd642a3cea4aa3840a4315f2642c3cae/9fb8439a1a35efb2ddfa4e64815c4261,35262d7bb4ca8c50ad450eeb729251b4,15.06957,kimmel_center,ftir,recent pollen 3 pinus,"organic materials, minerals, archeology",./pollen 3 pinus recent.dx kimmel,unknown,,,,unknown,,,,absorbance,absorbance,"absorbance of natural & biogenic material of archeological interest. collected and provided by prof. steven weiner from kimmel center for archaeological science, weizmann institute of science, israel",5.01  $$ datafile exported by spectragryph v.1.2.15,1,-0.96423,unknown,,,,,,,,,,,,,,,,,,,,,,,,,,,,,,,,,,,,,,,,,,,,,,,,,,,,,,,,,,,,,,,,,,,,,,,,,,,,,,########,,,,,,,,,,,,,,,,,,,,,,,,other material,not plastic,,other material,0.904896
25,25,,,-6186,-16777,100-200,100-200,fragment,white ,"Depth in Z, looks mineral.",,25,V2.24,d7c9176d58d378cdd7d8d5f03d6dd498,0.780624,0.7,TRUE,13.34328,4,TRUE,TRUE,5,5,BigMeadow_March182022_1_100_1-250025.CSV,CC BY-NC,V2.24,bd642a3cea4aa3840a4315f2642c3cae/9fb8439a1a35efb2ddfa4e64815c4261,49dcc135bcce96ad5bfa66bea2f82a10,6.999142,win cowger and sebastian primpke,ftir,pp,"polymer, minerals, organic materials",reflectance_7_g10_3,,,,,,,,,reflectance,,,,,,,,"roscher, lisa; fehres, annika; reisel, lorenz; halbach, maurits; scholz-bttcher, barbara; gerriets, michaela; badewien, thomas h; shiravani, gholamreza; wurpts, andreas; primpke, sebastian; gerdts, gunnar (2021): abundances of large microplastics (l-mp, 500-5000 m) in surface waters of the weser estuary and the german north sea (april 2018). pangaea, https://doi.org/10.1594/pangaea.938143",,,,,,,,,,,,,,,,,,,,,,,,,,,,,,,,,,,,,,,1721,,,,,,,,,,,,,,,,,,,,,,,,,,,,,,,,,,,,,,,,,,,,,,,,,,,,,,,,,none,,,,polyolefins (polyalkenes),plastic,poly(propylene),polyolefins (polyalkenes),0.909048
26,1,,,-4896,-3520,<50,300-400,fiber/filament,brown,"At edge of filter, possibly connected to particle 26-50 #2.",,1,V2,28831bf12c18f318f8307489932e87a5,0.850801,0.7,TRUE,4.92521,4,TRUE,TRUE,1,1,BigMeadow_March182022_1_100_26-500001.CSV,CC BY-NC,V2,bd642a3cea4aa3840a4315f2642c3cae/9fb8439a1a35efb2ddfa4e64815c4261,d9ed244f2b997dc8fb8bd8ead95f0a45,6.526593,win cowger and sebastian primpke,ftir,fibre_poplar_down,"polymer, minerals, organic materials",transmission_4_h11_3,,,,,awi,,,,transmission,,,,,,,,cowger et al. 'high throughput ftir analysis of macro and microplastics with plate readers' in prep,,,,,,,,,,,,plant fibre,fibre_poplar_down,,,,,,,,,,,,,,,,,,,,,,,,,,,,,,,,,,,,,,faserinstitut bremen,,,,,,,,,,,,,,,,,,,,,,,,,,,,,,,,,,,,,,,,,,,,,none,,,,organic matter,not plastic,,organic matter,0.953285
27,2,,,-4405,-3871,300-400,600-700,fragment,brown,,,2,V2.1,d21ccd005a73af47e4fd9259f7d3dca6,0.831121,0.7,TRUE,4.938481,4,TRUE,TRUE,2,1,BigMeadow_March182022_1_100_26-500002.CSV,CC BY-NC,V2.1,bd642a3cea4aa3840a4315f2642c3cae/9fb8439a1a35efb2ddfa4e64815c4261,4914a25779d2b1ead4bf43983d3298f7,5.015223,win cowger and sebastian primpke,ftir,fibre_kapok,"polymer, minerals, organic materials",reflectance_5_a8_0,,,,,awi,,,,reflectance,,,,,,,,cowger et al. 'high throughput ftir analysis of macro and microplastics with plate readers' in prep,,,,,,,,,,,,plant fibre,fibre_kapok,,,,,,,,,,,,,,,,,,,,,,,,,,,,,,,,,,,,,,faserinstitut bremen,,,,,,,,,,,,,,,,,,,,,,,,,,,,,,,,,,,,,,,,,,,,,none,,,,organic matter,not plastic,,organic matter,0.98948
28,3,,,-4893,-3845,50-100,50-100,fragment,white ,"Interesting spectra*** Omnic open specy says 80.16 polyvinylesters, 77.51 polyolefins polyalkenes",,3,V2.2,8b652374b67d0b62bfaf6cce01d1c775,0.853952,0.7,TRUE,15.87986,4,TRUE,TRUE,3,1,BigMeadow_March182022_1_100_26-500003.CSV,CC BY-NC,V2.2,bd642a3cea4aa3840a4315f2642c3cae/9fb8439a1a35efb2ddfa4e64815c4261,8ccaf6c3a5fe1ff37cbe36a41c912494,10.48966,win cowger and sebastian primpke,ftir,tomato skin,"polymer, minerals, organic materials",transmission_4_e8_3,,,,,,,,,transmission,,,,,,,,cowger et al. 'high throughput ftir analysis of macro and microplastics with plate readers' in prep,,,,,,,,,,,,,,,,,,,,,,,,,,,,,,,,,,,,,,,,,,,,,,,,,,,,,,,,,,,,,,,,,,,,,,,,,,,,,,,,,,,,,,,,,,,,,,,,none,,,,organic matter,not plastic,,organic matter,0.965029
29,4,,,-4353,-2670,<50,200-300,fiber/filament,white ,"At edge of filter, iffy spectra, may not transmit",,4,V2.3,aa9158b06b96cdcd7b4f5126ac92e952,0.890808,0.7,TRUE,5.385366,4,TRUE,TRUE,4,1,BigMeadow_March182022_1_100_26-500004.CSV,CC BY-NC,V2.3,bd642a3cea4aa3840a4315f2642c3cae/9fb8439a1a35efb2ddfa4e64815c4261,7dafaa40af6c0ce7b966337389d34311,6.581562,usda,ftir,soil,soil,297993xn02_usda,,,,,,,,,reflection,,,,,,bruker vertex-70 with hts-xt,,,,,,,,,,,,,,,,4 cm-1,cooled detector,"600 to 4000 cm1, applying 32 scans",,,,,,,,,,,,,,,,,,,,,,,,,,,,,,,,,,,,,,,,,,,,,,,,,,,,,,,,,,,,,,,,,,,,,,,,,,,,,,,,,,,,other material,not plastic,,other material,0.98953
30,5,,,-4480,-6580,50-100,50-100,sphere/spheroid,yellow,Looks mineral,,5,V2.4,d96cac92ab746d4a955d85e50630a81b,0.872389,0.7,TRUE,6.946908,4,TRUE,TRUE,5,1,BigMeadow_March182022_1_100_26-500005.CSV,CC BY-NC,V2.4,bd642a3cea4aa3840a4315f2642c3cae/9fb8439a1a35efb2ddfa4e64815c4261,1b707ff5ce224a306914d4cd967001fb,10.33305,win cowger and sebastian primpke,ftir,tomato skin,"polymer, minerals, organic materials",reflectance_4_e8_0,,,,,,,,,reflectance,,,,,,,,cowger et al. 'high throughput ftir analysis of macro and microplastics with plate readers' in prep,,,,,,,,,,,,,,,,,,,,,,,,,,,,,,,,,,,,,,,,,,,,,,,,,,,,,,,,,,,,,,,,,,,,,,,,,,,,,,,,,,,,,,,,,,,,,,,,none,,,,organic matter,not plastic,,organic matter,0.973421
31,6,,,-4664,-11628,50-100,100-200,fragment,white ,Depth in Z,,6,V2.5,1d2d10f86d4dcf340fc39be614c13fb0,0.754442,0.7,TRUE,7.986132,4,TRUE,TRUE,1,2,BigMeadow_March182022_1_100_26-500006.CSV,CC BY-NC,V2.5,bd642a3cea4aa3840a4315f2642c3cae/9fb8439a1a35efb2ddfa4e64815c4261,edfa9ff324ee0d056d664c48528a428c,8.236149,win cowger and sebastian primpke,ftir,pp,"polymer, minerals, organic materials",reflectance_6_h9_0,,,,,,,,,reflectance,,,,,,,,"roscher, lisa; fehres, annika; reisel, lorenz; halbach, maurits; scholz-bttcher, barbara; gerriets, michaela; badewien, thomas h; shiravani, gholamreza; wurpts, andreas; primpke, sebastian; gerdts, gunnar (2021): abundances of large microplastics (l-mp, 500-5000 m) in surface waters of the weser estuary and the german north sea (april 2018). pangaea, https://doi.org/10.1594/pangaea.938143",,,,,,,,,,,,,,,,,,,,,,,,,,,,,,,,,,,,,,,3910,,,,,,,,,,,,,,,,,,,,,,,,,,,,,,,,,,,,,,,,,,,,,,,,,,,,,,,,,none,,,,polyolefins (polyalkenes),plastic,poly(propylene),polyolefins (polyalkenes),0.929485
32,7,,,-3888,-4922,<50,100-200,fiber/filament,translucent,,,7,V2.6,e42f6ddbda160f2a9b764f2a3475ce9e,0.84125,0.7,TRUE,6.43398,4,TRUE,TRUE,2,2,BigMeadow_March182022_1_100_26-500007.CSV,CC BY-NC,V2.6,bd642a3cea4aa3840a4315f2642c3cae/9fb8439a1a35efb2ddfa4e64815c4261,fb943f8c3f5258e6cc685f77b3a62fd5,5.798567,win cowger and sebastian primpke,ftir,fibre_cotton_us_pima,"polymer, minerals, organic materials",transmission_4_h5_2,,,,,awi,,,,transmission,,,,,,,,cowger et al. 'high throughput ftir analysis of macro and microplastics with plate readers' in prep,,,,,,,,,,,,plant fibre,fibre_cotton_us_pima,,,,,,,,,,,,,,,,,,,,,,,,,,,,,,,,,,,,,,faserinstitut bremen,,,,,,,,,,,,,,,,,,,,,,,,,,,,,,,,,,,,,,,,,,,,,none,,,,organic matter,not plastic,,organic matter,0.815313
33,8,,,-3732,-4933,<50,400-500,fiber/filament,translucent,,,8,V2.7,e42f6ddbda160f2a9b764f2a3475ce9e,0.931665,0.7,TRUE,6.614838,4,TRUE,TRUE,3,2,BigMeadow_March182022_1_100_26-500008.CSV,CC BY-NC,V2.7,bd642a3cea4aa3840a4315f2642c3cae/9fb8439a1a35efb2ddfa4e64815c4261,eb6d667040fbb9bbedfa164495cedd45,5.798567,win cowger and sebastian primpke,ftir,fibre_cotton_us_pima,"polymer, minerals, organic materials",transmission_4_h5_2,,,,,awi,,,,transmission,,,,,,,,cowger et al. 'high throughput ftir analysis of macro and microplastics with plate readers' in prep,,,,,,,,,,,,plant fibre,fibre_cotton_us_pima,,,,,,,,,,,,,,,,,,,,,,,,,,,,,,,,,,,,,,faserinstitut bremen,,,,,,,,,,,,,,,,,,,,,,,,,,,,,,,,,,,,,,,,,,,,,none,,,,organic matter,not plastic,,organic matter,0.815313
34,9,,,-3704,-2749,<50,300-400,fiber/filament,translucent,,,9,V2.8,b08cc334650263edc924e6e07e33928c,0.868357,0.7,TRUE,4.871651,4,TRUE,TRUE,4,2,BigMeadow_March182022_1_100_26-500009.CSV,CC BY-NC,V2.8,bd642a3cea4aa3840a4315f2642c3cae/9fb8439a1a35efb2ddfa4e64815c4261,79cbdbd6fb375a960aad5a08c352b8d8,6.110954,kimmel_center,ftir,olive pit fresh_peel,"organic materials, minerals, archeology",./olive pit outer cuticle.dx kimmel,unknown,,,,unknown,,,,absorbance,absorbance,"absorbance of natural & biogenic material of archeological interest. collected and provided by prof. steven weiner from kimmel center for archaeological science, weizmann institute of science, israel",5.01  $$ datafile exported by spectragryph v.1.2.15,1,-1.92847,unknown,,,,,,,,,,,,,,,,,,,,,,,,,,,,,,,,,,,,,,,,,,,,,,,,,,,,,,,,,,,,,,,,,,,,,,,,,,,,,,26/05/2008 17:57:12,,,,,,,,,,,,,,,,,,,,,,,,other material,not plastic,,organic matter,0.796511
35,10,,,-4218,-17874,50-100,50-100,fragment,black,,,10,V2.9,8b652374b67d0b62bfaf6cce01d1c775,0.877965,0.7,TRUE,11.60616,4,TRUE,TRUE,5,2,BigMeadow_March182022_1_100_26-500010.CSV,CC BY-NC,V2.9,bd642a3cea4aa3840a4315f2642c3cae/9fb8439a1a35efb2ddfa4e64815c4261,f23098a399274979db1e906be84b1f26,10.48966,win cowger and sebastian primpke,ftir,tomato skin,"polymer, minerals, organic materials",transmission_4_e8_3,,,,,,,,,transmission,,,,,,,,cowger et al. 'high throughput ftir analysis of macro and microplastics with plate readers' in prep,,,,,,,,,,,,,,,,,,,,,,,,,,,,,,,,,,,,,,,,,,,,,,,,,,,,,,,,,,,,,,,,,,,,,,,,,,,,,,,,,,,,,,,,,,,,,,,,none,,,,organic matter,not plastic,,organic matter,0.965029
36,11,,,-3882,-13337,50-100,50-100,fragment,brown,,,11,V2.10,bc0f026227602ec043058527673baa0c,0.923644,0.7,TRUE,8.235279,4,TRUE,TRUE,1,3,BigMeadow_March182022_1_100_26-500011.CSV,CC BY-NC,V2.10,bd642a3cea4aa3840a4315f2642c3cae/9fb8439a1a35efb2ddfa4e64815c4261,22490af7029d8eea8626d9da3148880a,9.896168,win cowger and sebastian primpke,ftir,fur_alpaca,"polymer, minerals, organic materials",transmission_5_c6_3,,,,,awi,,,,transmission,,,,,,,,cowger et al. 'high throughput ftir analysis of macro and microplastics with plate readers' in prep,,,,,,,,,,,,fur,fur_alpaca,,,,,,,,,,,,,,,,,,,,,,,,,,,,,,,,,,,,,,faserinstitut bremen,,,,,,,,,,,,,,,,,,,,,,,,,,,,,,,,,,,,,,,,,,,,,none,,,,organic matter,not plastic,,organic matter,0.936082
37,12,,,-3523,-3081,<50,100-200,fiber/filament,translucent,Close to edge.,,12,V2.11,3872bb97e9c9d534dfc50c7ac63ec6c8,0.869294,0.7,TRUE,4.140865,4,TRUE,TRUE,2,3,BigMeadow_March182022_1_100_26-500012.CSV,CC BY-NC,V2.11,bd642a3cea4aa3840a4315f2642c3cae/9fb8439a1a35efb2ddfa4e64815c4261,3eba79bb6ffd8e4c4f48b1ec57f5a7fd,3.788281,win cowger and sebastian primpke,ftir,fibre_kapok,"polymer, minerals, organic materials",transmission_5_a8_3,,,,,awi,,,,transmission,,,,,,,,cowger et al. 'high throughput ftir analysis of macro and microplastics with plate readers' in prep,,,,,,,,,,,,plant fibre,fibre_kapok,,,,,,,,,,,,,,,,,,,,,,,,,,,,,,,,,,,,,,faserinstitut bremen,,,,,,,,,,,,,,,,,,,,,,,,,,,,,,,,,,,,,,,,,,,,,none,,,,organic matter,not plastic,,organic matter,0.876385
38,13,,,-3320,-2251,50-100,50-100,fragment,white ,"At filter edge, iffy spectra",,13,V2.12,d9cc70b528e4ff309af9db07b66a83aa,0.80376,0.7,TRUE,4.04748,4,TRUE,TRUE,3,3,BigMeadow_March182022_1_100_26-500013.CSV,CC BY-NC,V2.12,bd642a3cea4aa3840a4315f2642c3cae/9fb8439a1a35efb2ddfa4e64815c4261,6bcd0c40651c769c84c95b5d76970301,6.774405,usda,ftir,soil,soil,107709xs03_usda,,,,,,,,,reflection,,,,,,bruker vertex-70 with hts-xt,,,,,,,,,,,,,,,,4 cm-1,cooled detector,"600 to 4000 cm1, applying 32 scans",,,,,,,,,,,,,,,,,,,,,,,,,,,,,,,,,,,,,,,,,,,,,,,,,,,,,,,,,,,,,,,,,,,,,,,,,,,,,,,,,,,,other material,not plastic,,other material,0.987367
39,14,,,-3298,-7794,<50,<50,fragment,white ,"Interesting spectra*** Omnic open specy says 70.84 organic matter, 70.32 organic matter",,14,V2.13,a1eb6d5972b0e63dbcc042368b45e2e5,0.895815,0.7,TRUE,12.1264,4,TRUE,TRUE,4,3,BigMeadow_March182022_1_100_26-500014.CSV,CC BY-NC,V2.13,bd642a3cea4aa3840a4315f2642c3cae/9fb8439a1a35efb2ddfa4e64815c4261,053c50b78accf2273dd7c437f1162c92,25.19782,kimmel_center,ftir,cornea porcine treated sample 6 slice 13 repeat,"organic materials, minerals, archeology",./collagen cornea porcine fresh.dx kimmel,unknown,,,,unknown,,,,absorbance,absorbance,"absorbance of natural & biogenic material of archeological interest. collected and provided by prof. steven weiner from kimmel center for archaeological science, weizmann institute of science, israel",5.01  $$ datafile exported by spectragryph v.1.2.15,1,-0.24106,unknown,,,,,,,,,,,,,,,,,,,,,,,,,,,,,,,,,,,,,,,,,,,,,,,,,,,,,,,,,,,,,,,,,,,,,,,,,,,,,,24/11/2016 15:27:44,,,,,,,,,,,,,,,,,,,,,,,,other material,not plastic,,other material,0.867587
40,15,,,-3609,-15696,100-200,100-200,fragment,white ,,,15,V2.14,8b652374b67d0b62bfaf6cce01d1c775,0.875357,0.7,TRUE,13.91307,4,TRUE,TRUE,5,3,BigMeadow_March182022_1_100_26-500015.CSV,CC BY-NC,V2.14,bd642a3cea4aa3840a4315f2642c3cae/9fb8439a1a35efb2ddfa4e64815c4261,b6440e118c22ce7c12038f0f4819b53b,10.48966,win cowger and sebastian primpke,ftir,tomato skin,"polymer, minerals, organic materials",transmission_4_e8_3,,,,,,,,,transmission,,,,,,,,cowger et al. 'high throughput ftir analysis of macro and microplastics with plate readers' in prep,,,,,,,,,,,,,,,,,,,,,,,,,,,,,,,,,,,,,,,,,,,,,,,,,,,,,,,,,,,,,,,,,,,,,,,,,,,,,,,,,,,,,,,,,,,,,,,,none,,,,organic matter,not plastic,,organic matter,0.965029
41,16,,,-3206,-12986,<50,<50,fragment,translucent,"On wire corner.  Interesting spectra*** Omnic open specy says organic matter 69.32, organic matter 68.85",,16,V2.15,0dac733642ce98d8682464ea28982008,0.876877,0.7,TRUE,8.124656,4,TRUE,TRUE,1,4,BigMeadow_March182022_1_100_26-500016.CSV,CC BY-NC,V2.15,bd642a3cea4aa3840a4315f2642c3cae/9fb8439a1a35efb2ddfa4e64815c4261,789494dc004bf48cdadc83fbdaa2955e,12.78937,win cowger and sebastian primpke,ftir,camel hair,"polymer, minerals, organic materials",atr_5_c9_0,,,,,,,,,atr,,,,,,,,cowger et al. 'high throughput ftir analysis of macro and microplastics with plate readers' in prep,,,,,,,,,,,,,,,,,,,,,,,,,,,,,,,,,,,,,,,,,,,,,,,,,,,,,,,,,,,,,,,,,,,,,,,,,,,,,,,,,,,,,,,,,,,,,,,,none,,,,organic matter,not plastic,,other material,0.972581
42,17,,,-2502,-2572,50-100,50-100,fragment,black,Close to edge.,,17,V2.16,23ba1e977a3809742627dfc30621e493,0.864626,0.7,TRUE,8.402848,4,TRUE,TRUE,2,4,BigMeadow_March182022_1_100_26-500017.CSV,CC BY-NC,V2.16,bd642a3cea4aa3840a4315f2642c3cae/9fb8439a1a35efb2ddfa4e64815c4261,71bacda103d74d9d5dce7e7169635c6a,6.596807,usda,ftir,soil,soil,298004xn03_usda,,,,,,,,,reflection,,,,,,bruker vertex-70 with hts-xt,,,,,,,,,,,,,,,,4 cm-1,cooled detector,"600 to 4000 cm1, applying 32 scans",,,,,,,,,,,,,,,,,,,,,,,,,,,,,,,,,,,,,,,,,,,,,,,,,,,,,,,,,,,,,,,,,,,,,,,,,,,,,,,,,,,,other material,not plastic,,other material,0.986419
43,18,,,-3081,-19596,50-100,50-100,fragment,brown,,,18,V2.17,98de6863da8ae825d74e585e398109c6,0.79128,0.7,TRUE,7.626826,4,TRUE,TRUE,3,4,BigMeadow_March182022_1_100_26-500018.CSV,CC BY-NC,V2.17,bd642a3cea4aa3840a4315f2642c3cae/9fb8439a1a35efb2ddfa4e64815c4261,a2d40a2467485c9f902cf9f7f39f267c,42.59885,kimmel_center,ftir,"humic acid (soil masmia, israel; a. nissenbaum)","organic materials, minerals, archeology","./humic acid (soil masmia, israel, a. nissenbaum).dx kimmel",unknown,,,,unknown,,,,absorbance,absorbance,"absorbance of natural & biogenic material of archeological interest. collected and provided by prof. steven weiner from kimmel center for archaeological science, weizmann institute of science, israel",5.01  $$ datafile exported by spectragryph v.1.2.15,1,-1.92847,unknown,,,,,,,,,,,,,,,,,,,,,,,,,,,,,,,,,,,,,,,,,,,,,,,,,,,,,,,,,,,,,,,,,,,,,,,,,,,,,,########,,,,,,,,,,,,,,,,,,,,,,,,other material,not plastic,,other material,0.935581
44,19,,,-3054,-19077,<50,100-200,fiber/filament,translucent,,,19,V2.18,e42f6ddbda160f2a9b764f2a3475ce9e,0.855356,0.7,TRUE,9.199,4,TRUE,TRUE,4,4,BigMeadow_March182022_1_100_26-500019.CSV,CC BY-NC,V2.18,bd642a3cea4aa3840a4315f2642c3cae/9fb8439a1a35efb2ddfa4e64815c4261,7093e816ef56205f28ba11fb734af846,5.798567,win cowger and sebastian primpke,ftir,fibre_cotton_us_pima,"polymer, minerals, organic materials",transmission_4_h5_2,,,,,awi,,,,transmission,,,,,,,,cowger et al. 'high throughput ftir analysis of macro and microplastics with plate readers' in prep,,,,,,,,,,,,plant fibre,fibre_cotton_us_pima,,,,,,,,,,,,,,,,,,,,,,,,,,,,,,,,,,,,,,faserinstitut bremen,,,,,,,,,,,,,,,,,,,,,,,,,,,,,,,,,,,,,,,,,,,,,none,,,,organic matter,not plastic,,organic matter,0.815313
45,20,,,-2426,-6460,<50,300-400,fiber/filament,translucent,,,20,V2.19,45080641d25796f832aa90164d100f86,0.873453,0.7,TRUE,6.197633,4,TRUE,TRUE,5,4,BigMeadow_March182022_1_100_26-500020.CSV,CC BY-NC,V2.19,bd642a3cea4aa3840a4315f2642c3cae/9fb8439a1a35efb2ddfa4e64815c4261,11a31a91460aabbe1dfd4f65c43a8627,12.44361,"flopp, de frond et al. 2021",ftir,cotton 13. yellow fiber,polymers,cotton 13. yellow fiber,nicolet,,,,thermo fisher scientific corporation,,,,transmittance,transmittance,https://doi.org/10.1021/acs.analchem.1c02549,5.01  $$ nicolet v. 970,1.00E-08,1.928548,nicolet in10 mx,,,,,,,,,,,,,,,,4,,,,,,,,,,,,,,,,,,,,,,,,,,,,,,,,,,,,,,,32,16:49:34,ratio against background,truncated,elementmultiply or elementdivide,11.18 sec,1,32,1,2,4096,8192,n-b strong;,alk1911898;,,,,,,,,,,########,,,,,,,,,mertz;,,,,,,,,,15798.67 cm-1,11.18 sec,,,,,organic matter,not plastic,,organic matter,0.987586
46,21,,,-2437,-10854,50-100,50-100,fragment,black,"Depth in Z, looks mineral.",,21,V2.20,f959b2c0fa6e3bef1e239bdee371ff03,0.886517,0.7,TRUE,8.065216,4,TRUE,TRUE,1,5,BigMeadow_March182022_1_100_26-500021.CSV,CC BY-NC,V2.20,bd642a3cea4aa3840a4315f2642c3cae/9fb8439a1a35efb2ddfa4e64815c4261,b77fabd31992b78c9d8b72a0a0a8d0e3,8.461552,usda,ftir,soil,soil,73635xs04_usda,,,,,,,,,reflection,,,,,,bruker vertex-70 with hts-xt,,,,,,,,,,,,,,,,4 cm-1,cooled detector,"600 to 4000 cm1, applying 32 scans",,,,,,,,,,,,,,,,,,,,,,,,,,,,,,,,,,,,,,,,,,,,,,,,,,,,,,,,,,,,,,,,,,,,,,,,,,,,,,,,,,,,other material,not plastic,,other material,0.931844
47,22,,,-3007,-22433,50-100,50-100,fragment,brown,At filter edge.,,22,V2.21,924de73b6ccc2c4a8fa2bf7a832ad521,0.788054,0.7,TRUE,3.752858,4,FALSE,FALSE,2,5,BigMeadow_March182022_1_100_26-500022.CSV,CC BY-NC,V2.21,bd642a3cea4aa3840a4315f2642c3cae/9fb8439a1a35efb2ddfa4e64815c4261,8568c1a81340fdce0c4065b18f322162,6.480071,usda,ftir,soil,soil,127438xs01_usda,,,,,,,,,reflection,,,,,,bruker vertex-70 with hts-xt,,,,,,,,,,,,,,,,4 cm-1,cooled detector,"600 to 4000 cm1, applying 32 scans",,,,,,,,,,,,,,,,,,,,,,,,,,,,,,,,,,,,,,,,,,,,,,,,,,,,,,,,,,,,,,,,,,,,,,,,,,,,,,,,,,,,other material,not plastic,,other material,0.978414
48,23,,,-2219,-5849,50-100,100-200,film,white ,Wrapped on wire,,23,V2.22,d17f8cae31a6d96f2869bfb81ce34938,0.859948,0.7,TRUE,4.707415,4,TRUE,TRUE,3,5,BigMeadow_March182022_1_100_26-500023.CSV,CC BY-NC,V2.22,bd642a3cea4aa3840a4315f2642c3cae/9fb8439a1a35efb2ddfa4e64815c4261,ffce2e7af09d5c0e51d7627849bc44a7,11.48384,"flopp, de frond et al. 2021",ftir,c11. pink fiber,polymers,c11. pink fiber,nicolet,,,,thermo fisher scientific corporation,,,,transmittance,transmittance,https://doi.org/10.1021/acs.analchem.1c02549,5.01  $$ nicolet v. 970,1.00E-08,1.928548,nicolet in10 mx,,,,,,,,,,,,,,,,4,,,,,,,,,,,,,,,,,,,,,,,,,,,,,,,,,,,,,,,32,13:07:15,ratio against background,truncated,elementmultiply or elementdivide,11.18 sec,1,32,1,2,4096,8192,n-b strong;,alk1911898;,,,,,,,,,,########,,,,,,,,,mertz;,,,,,,,,,15798.67 cm-1,11.18 sec,,,,,organic matter,not plastic,,organic matter,0.973158
49,24,,,-2422,-21764,<50,50-100,film,translucent,On wire,,24,V2.23,798c6cdb451bebea4788e00a1bb14523,0.731847,0.7,TRUE,7.041399,4,TRUE,TRUE,4,5,BigMeadow_March182022_1_100_26-500024.CSV,CC BY-NC,V2.23,bd642a3cea4aa3840a4315f2642c3cae/9fb8439a1a35efb2ddfa4e64815c4261,75b95287b6d1779c80642886bf3e0664,95.36819,win cowger and sebastian primpke,ftir,pa,"polymer, minerals, organic materials",reflectance_2_f10_0,,,,,,,,,reflectance,,,,,,,clear,cowger et al. 'high throughput ftir analysis of macro and microplastics with plate readers' in prep,,pellet,singapore,,,,,,,,,,,,,,,,,,,,,,,,,,,,,,,,,,,,,,,,,,,,,,,,,,,,,,,,,,,,,,,,,,,,,,,,,,,,,,,,,,,,,,,,,,,,,none,,,,polyacrylamides,plastic,,polyamides (polylactams),0.989771
50,25,,,-2062,-10026,50-100,50-100,fragment,brown,"Interesting spectra*** Omnic open specy says other material 82.75, organic material 82.66",,25,V2.24,5cf0aeaf1404351901fad4cdcc937bd4,0.863316,0.7,TRUE,6.066052,4,TRUE,TRUE,5,5,BigMeadow_March182022_1_100_26-500025.CSV,CC BY-NC,V2.24,bd642a3cea4aa3840a4315f2642c3cae/9fb8439a1a35efb2ddfa4e64815c4261,478dfdb2fd92090d186e2c9544c069e5,393.4161,kimmel_center,ftir,"collagen (fossil >50,000 bp)","organic materials, minerals, archeology","./collagen (fossil  more than 50,000 bp).dx kimmel",unknown,,,,unknown,,,,absorbance,absorbance,"absorbance of natural & biogenic material of archeological interest. collected and provided by prof. steven weiner from kimmel center for archaeological science, weizmann institute of science, israel",5.01  $$ datafile exported by spectragryph v.1.2.15,1,-1.92847,unknown,,,,,,,,,,,,,,,,,,,,,,,,,,,,,,,,,,,,,,,,,,,,,,,,,,,,,,,,,,,,,,,,,,,,,,,,,,,,,,########,,,,,,,,,,,,,,,,,,,,,,,,other material,not plastic,,other material,0.986796
51,1,,,-1633,-6677,50-100,50-100,fragment,white ,,,1,V2,e45917b196311ecc6490851d919aa811,0.776103,0.7,TRUE,4.865183,4,TRUE,TRUE,1,1,BigMeadow_March182022_1_100_51-750001.CSV,CC BY-NC,V2,bd642a3cea4aa3840a4315f2642c3cae/9fb8439a1a35efb2ddfa4e64815c4261,7a1c4140d949c3cae763d3a4783c7db6,4.107605,win cowger and sebastian primpke,ftir,fibre_linen,"polymer, minerals, organic materials",reflectance_4_h9_3,,,,,awi,,,,reflectance,,,,,,,,cowger et al. 'high throughput ftir analysis of macro and microplastics with plate readers' in prep,,,,,,,,,,,,plant fibre,fibre_linen,,,,,,,,,,,,,,,,,,,,,,,,,,,,,,,,,,,,,,faserinstitut bremen,,,,,,,,,,,,,,,,,,,,,,,,,,,,,,,,,,,,,,,,,,,,,none,,,,organic matter,not plastic,,organic matter,0.93688
52,2,,,-1758,-10544,100-200,100-200,fragment,translucent,"Depth in Z, looks mineral.",,2,V2.1,12b2f2ffa13583e968e50365a4124db4,0.77333,0.7,TRUE,18.36847,4,TRUE,TRUE,2,1,BigMeadow_March182022_1_100_51-750002.CSV,CC BY-NC,V2.1,bd642a3cea4aa3840a4315f2642c3cae/9fb8439a1a35efb2ddfa4e64815c4261,277503f820cdd4a1f3df1d4c66ed1ffb,9.504182,moore institute for plastic pollution research,ftir,microcline,polymers and minerals,mippr_213043 - microcline.rds,,,,,,,,,reflectance,,,,,,nicolet in10,,,,,,,,,,,,,,,,,,,moore institute for plastic pollution research,,,,,,,,,,,,,,,,,,,,,,,cc by-nc,166,175,427,0,4,bip,"0.000025000, 0.000025000","minerals may not be exact match to material listed as they were extracted from mineral aggregates containing the listed material, so they may just be spatially related.",,,,,,,,,,,,,,,,,,,,,,,,,,,,,,,,,,,,,,,,,,,,,,,,none,,,,mineral,not plastic,,mineral,0.78161
53,3,,,-1486,-22352,100-200,400-500,fragment,brown,,,3,V2.2,ef6e21005b1da4baa5beb09fe1da339a,0.841477,0.7,TRUE,4.31268,4,TRUE,TRUE,3,1,BigMeadow_March182022_1_100_51-750003.CSV,CC BY-NC,V2.2,bd642a3cea4aa3840a4315f2642c3cae/9fb8439a1a35efb2ddfa4e64815c4261,d6a2dbff4bc6334d2637f25f1fb420cd,5.170273,win cowger and sebastian primpke,ftir,fibre_turf,"polymer, minerals, organic materials",reflectance_5_a12_2,,,,,awi,,,,reflectance,,,,,,,,cowger et al. 'high throughput ftir analysis of macro and microplastics with plate readers' in prep,,,,,,,,,,,,plant fibre,fibre_turf,,,,,,,,,,,,,,,,,,,,,,,,,,,,,,,,,,,,,,faserinstitut bremen,,,,,,,,,,,,,,,,,,,,,,,,,,,,,,,,,,,,,,,,,,,,,none,,,,organic matter,not plastic,,organic matter,0.988437
54,4,,,-1147,-2319,100-200,100-200,fragment,brown,"Depth in Z, close to edge.",,4,V2.3,53819175de66a8e77d3860a1df7a4be8,0.870562,0.7,TRUE,4.819935,4,TRUE,TRUE,4,1,BigMeadow_March182022_1_100_51-750004.CSV,CC BY-NC,V2.3,bd642a3cea4aa3840a4315f2642c3cae/9fb8439a1a35efb2ddfa4e64815c4261,59d3e434144d29f79d40eb3e29fb9d88,7.282818,win cowger and sebastian primpke,ftir,fibre_grass,"polymer, minerals, organic materials",reflectance_5_a5_1,,,,,awi,,,,reflectance,,,,,,,,cowger et al. 'high throughput ftir analysis of macro and microplastics with plate readers' in prep,,,,,,,,,,,,plant fibre,fibre_grass,,,,,,,,,,,,,,,,,,,,,,,,,,,,,,,,,,,,,,faserinstitut bremen,,,,,,,,,,,,,,,,,,,,,,,,,,,,,,,,,,,,,,,,,,,,,none,,,,organic matter,not plastic,,organic matter,0.967112
55,5,,,-771,-1980,<50,200-300,fiber/filament,translucent,"Close to edge, iffy spectra. Disappears behind wire, possibly longer.",,5,V2.4,b28fc34e4743bce39ee30284f143c5b0,0.696754,0.7,FALSE,10.90528,4,TRUE,FALSE,5,1,BigMeadow_March182022_1_100_51-750005.CSV,CC BY-NC,V2.4,bd642a3cea4aa3840a4315f2642c3cae/9fb8439a1a35efb2ddfa4e64815c4261,0eb8fec71ea01e75b9a7917c2f431296,67.58808,"flopp, de frond et al. 2021",ftir,ps 9. white foam,polymers,ps 9. white foam,nicolet,,,,thermo fisher scientific corporation,,,,transmittance,transmittance,https://doi.org/10.1021/acs.analchem.1c02549,5.01  $$ nicolet v. 970,1.00E-08,1.928548,nicolet in10 mx,,,,,,,,,,,,,,,,4,,,,,,,,,,,,,,,,,,,,,,,,,,,,,,,,,,,,,,,32,15:01:11,ratio against background,truncated,elementmultiply or elementdivide,11.18 sec,1,32,1,2,4096,8192,n-b strong;,alk1911898;,,,,,,,,,,3/6/2020,,,,,,,,,mertz;,,,,,,,,,15798.67 cm-1,11.18 sec,,,,,"polystyrenes (polyphenylethylenes, -methylstyrene)",plastic,polystyrene,"polystyrenes (polyphenylethylenes, -methylstyrene)",0.973769
56,6,,,-1095,-10738,50-100,50-100,sphere/spheroid,white ,,,6,V2.5,8b652374b67d0b62bfaf6cce01d1c775,0.903001,0.7,TRUE,10.35037,4,TRUE,TRUE,1,2,BigMeadow_March182022_1_100_51-750006.CSV,CC BY-NC,V2.5,bd642a3cea4aa3840a4315f2642c3cae/9fb8439a1a35efb2ddfa4e64815c4261,2f4bad9a891291ee48b9ba3e7dd46b6a,10.48966,win cowger and sebastian primpke,ftir,tomato skin,"polymer, minerals, organic materials",transmission_4_e8_3,,,,,,,,,transmission,,,,,,,,cowger et al. 'high throughput ftir analysis of macro and microplastics with plate readers' in prep,,,,,,,,,,,,,,,,,,,,,,,,,,,,,,,,,,,,,,,,,,,,,,,,,,,,,,,,,,,,,,,,,,,,,,,,,,,,,,,,,,,,,,,,,,,,,,,,none,,,,organic matter,not plastic,,organic matter,0.965029
57,7,,,-1013,-18139,100-200,100-200,fragment,white ,Depth in Z.,,7,V2.6,98e873583efb20c618b24d1e01832bb9,0.763012,0.7,TRUE,8.912838,4,TRUE,TRUE,2,2,BigMeadow_March182022_1_100_51-750007.CSV,CC BY-NC,V2.6,bd642a3cea4aa3840a4315f2642c3cae/9fb8439a1a35efb2ddfa4e64815c4261,93403f89e92b2d951469167b1e727c76,6.404422,win cowger and sebastian primpke,ftir,pp,"polymer, minerals, organic materials",reflectance_7_f8_0,,,,,,,,,reflectance,,,,,,,,"roscher, lisa; fehres, annika; reisel, lorenz; halbach, maurits; scholz-bttcher, barbara; gerriets, michaela; badewien, thomas h; shiravani, gholamreza; wurpts, andreas; primpke, sebastian; gerdts, gunnar (2021): abundances of large microplastics (l-mp, 500-5000 m) in surface waters of the weser estuary and the german north sea (april 2018). pangaea, https://doi.org/10.1594/pangaea.938143",,,,,,,,,,,,,,,,,,,,,,,,,,,,,,,,,,,,,,,4599,,,,,,,,,,,,,,,,,,,,,,,,,,,,,,,,,,,,,,,,,,,,,,,,,,,,,,,,,none,,,,polyolefins (polyalkenes),plastic,poly(propylene),polyolefins (polyalkenes),0.972759
58,8,,,-1222,-19662,50-100,50-100,fragment,brown,,,8,V2.7,91228e9c8cb77e1ead9eca90da3c7d07,0.895886,0.7,TRUE,9.653977,4,TRUE,TRUE,3,2,BigMeadow_March182022_1_100_51-750008.CSV,CC BY-NC,V2.7,bd642a3cea4aa3840a4315f2642c3cae/9fb8439a1a35efb2ddfa4e64815c4261,ddd297d6a9287cce639eec5d74ae4269,7.481846,win cowger and sebastian primpke,ftir,fibre_grass,"polymer, minerals, organic materials",reflectance_5_a5_2,,,,,awi,,,,reflectance,,,,,,,,cowger et al. 'high throughput ftir analysis of macro and microplastics with plate readers' in prep,,,,,,,,,,,,plant fibre,fibre_grass,,,,,,,,,,,,,,,,,,,,,,,,,,,,,,,,,,,,,,faserinstitut bremen,,,,,,,,,,,,,,,,,,,,,,,,,,,,,,,,,,,,,,,,,,,,,none,,,,organic matter,not plastic,,organic matter,0.969191
59,9,,,-1333,-22678,50-100,50-100,fragment,brown,,,9,V2.8,f002d5e4d554c38cfea644f0f49bd3ec,0.885293,0.7,TRUE,6.37114,4,TRUE,TRUE,4,2,BigMeadow_March182022_1_100_51-750009.CSV,CC BY-NC,V2.8,bd642a3cea4aa3840a4315f2642c3cae/9fb8439a1a35efb2ddfa4e64815c4261,6acbed5afabcfb4619cc4aeae22daee5,6.511564,usda,ftir,soil,soil,297982xn01_usda,,,,,,,,,reflection,,,,,,bruker vertex-70 with hts-xt,,,,,,,,,,,,,,,,4 cm-1,cooled detector,"600 to 4000 cm1, applying 32 scans",,,,,,,,,,,,,,,,,,,,,,,,,,,,,,,,,,,,,,,,,,,,,,,,,,,,,,,,,,,,,,,,,,,,,,,,,,,,,,,,,,,,other material,not plastic,,other material,0.989121
60,10,,,-273,-11293,50-100,100-200,fragment,white ,,,10,V2.9,e08f6c1985ac63197f050aaa63062b19,0.768748,0.7,TRUE,8.398501,4,TRUE,TRUE,5,2,BigMeadow_March182022_1_100_51-750010.CSV,CC BY-NC,V2.9,bd642a3cea4aa3840a4315f2642c3cae/9fb8439a1a35efb2ddfa4e64815c4261,04b2bc563bdb7ba35f05f83c1b0ae21c,10.46111,win cowger and sebastian primpke,ftir,tomato skin,"polymer, minerals, organic materials",reflectance_4_e9_0,,,,,,,,,reflectance,,,,,,,,cowger et al. 'high throughput ftir analysis of macro and microplastics with plate readers' in prep,,,,,,,,,,,,,,,,,,,,,,,,,,,,,,,,,,,,,,,,,,,,,,,,,,,,,,,,,,,,,,,,,,,,,,,,,,,,,,,,,,,,,,,,,,,,,,,,none,,,,organic matter,not plastic,,organic matter,0.850253
61,11,,,-201,-19525,<50,300-400,fiber/filament,translucent,,,11,V2.10,fa9adae66b233d863a2f052f83a97d75,0.881844,0.7,TRUE,8.240877,4,TRUE,TRUE,1,3,BigMeadow_March182022_1_100_51-750011.CSV,CC BY-NC,V2.10,bd642a3cea4aa3840a4315f2642c3cae/9fb8439a1a35efb2ddfa4e64815c4261,2686252f3037cabb61ca7cdbb7e774e8,10.19307,primpke et al. 2018,ftir,fibre hemp fine,"polymer, minerals, organic materials",86primpke,,,,,,,,,atr,,https://doi.org/10.1007/s00216-018-1156-x,,,,,brown,,,,,,,,,,,,,,,,,,,,,,,,,,,,,,,,,,,,,,,,,,,,,,,,,,,,fibre,faserinstitut bremen,,,,,,,,,,,,,,,,,,,,,,,,,,,,,,,,,,,,,,,,,,,,,,,,organic matter,not plastic,,organic matter,0.98997
62,12,,,-324,-22895,100-200,100-200,fragment,brown,At filter edge.,,12,V2.11,f002d5e4d554c38cfea644f0f49bd3ec,0.824201,0.7,TRUE,8.41674,4,TRUE,TRUE,2,3,BigMeadow_March182022_1_100_51-750012.CSV,CC BY-NC,V2.11,bd642a3cea4aa3840a4315f2642c3cae/9fb8439a1a35efb2ddfa4e64815c4261,9a28c26a3a0da7eafab7b8b2024fd442,6.511564,usda,ftir,soil,soil,297982xn01_usda,,,,,,,,,reflection,,,,,,bruker vertex-70 with hts-xt,,,,,,,,,,,,,,,,4 cm-1,cooled detector,"600 to 4000 cm1, applying 32 scans",,,,,,,,,,,,,,,,,,,,,,,,,,,,,,,,,,,,,,,,,,,,,,,,,,,,,,,,,,,,,,,,,,,,,,,,,,,,,,,,,,,,other material,not plastic,,other material,0.989121
63,13,,,-140,-228888,100-200,100-200,fragment,black,At filter edge,,13,V2.12,53819175de66a8e77d3860a1df7a4be8,0.819706,0.7,TRUE,5.643882,4,TRUE,TRUE,3,3,BigMeadow_March182022_1_100_51-750013.CSV,CC BY-NC,V2.12,bd642a3cea4aa3840a4315f2642c3cae/9fb8439a1a35efb2ddfa4e64815c4261,14eb19b4a8e55fd250d385b694a45d94,7.282818,win cowger and sebastian primpke,ftir,fibre_grass,"polymer, minerals, organic materials",reflectance_5_a5_1,,,,,awi,,,,reflectance,,,,,,,,cowger et al. 'high throughput ftir analysis of macro and microplastics with plate readers' in prep,,,,,,,,,,,,plant fibre,fibre_grass,,,,,,,,,,,,,,,,,,,,,,,,,,,,,,,,,,,,,,faserinstitut bremen,,,,,,,,,,,,,,,,,,,,,,,,,,,,,,,,,,,,,,,,,,,,,none,,,,organic matter,not plastic,,organic matter,0.967112
64,14,,,16,-22732,50-100,50-100,fragment,brown,,,14,V2.13,e45917b196311ecc6490851d919aa811,0.775301,0.7,TRUE,4.670785,4,TRUE,TRUE,4,3,BigMeadow_March182022_1_100_51-750014.CSV,CC BY-NC,V2.13,bd642a3cea4aa3840a4315f2642c3cae/9fb8439a1a35efb2ddfa4e64815c4261,dd9fac65be2c24ec31521f4b91f0882d,4.107605,win cowger and sebastian primpke,ftir,fibre_linen,"polymer, minerals, organic materials",reflectance_4_h9_3,,,,,awi,,,,reflectance,,,,,,,,cowger et al. 'high throughput ftir analysis of macro and microplastics with plate readers' in prep,,,,,,,,,,,,plant fibre,fibre_linen,,,,,,,,,,,,,,,,,,,,,,,,,,,,,,,,,,,,,,faserinstitut bremen,,,,,,,,,,,,,,,,,,,,,,,,,,,,,,,,,,,,,,,,,,,,,none,,,,organic matter,not plastic,,organic matter,0.93688
65,15,,,16,-22562,50-100,50-100,fragment,black,,,15,V2.14,924de73b6ccc2c4a8fa2bf7a832ad521,0.842706,0.7,TRUE,6.400967,4,TRUE,TRUE,5,3,BigMeadow_March182022_1_100_51-750015.CSV,CC BY-NC,V2.14,bd642a3cea4aa3840a4315f2642c3cae/9fb8439a1a35efb2ddfa4e64815c4261,a5b656ef9e9027c5af13541959bb289e,6.480071,usda,ftir,soil,soil,127438xs01_usda,,,,,,,,,reflection,,,,,,bruker vertex-70 with hts-xt,,,,,,,,,,,,,,,,4 cm-1,cooled detector,"600 to 4000 cm1, applying 32 scans",,,,,,,,,,,,,,,,,,,,,,,,,,,,,,,,,,,,,,,,,,,,,,,,,,,,,,,,,,,,,,,,,,,,,,,,,,,,,,,,,,,,other material,not plastic,,other material,0.978414
66,16,,,208,-22030,<50,200-300,fiber/filament,translucent,,,16,V2.15,5d4baa024bcec45603f6e2bb4c399975,0.83804,0.7,TRUE,5.551313,4,TRUE,TRUE,1,4,BigMeadow_March182022_1_100_51-750016.CSV,CC BY-NC,V2.15,bd642a3cea4aa3840a4315f2642c3cae/9fb8439a1a35efb2ddfa4e64815c4261,4f25d1639ea6eb04ced15d8068bca518,8.128733,primpke et al. 2018,ftir,fibre flax,"polymer, minerals, organic materials",79primpke,,,,,,,,,atr,,https://doi.org/10.1007/s00216-018-1156-x,,,,,brown,,,,,,,,,,,,,,,,,,,,,,,,,,,,,,,,,,,,,,,,,,,,,,,,,,,,fibre,faserinstitut bremen,,,,,,,,,,,,,,,,,,,,,,,,,,,,,,,,,,,,,,,,,,,,,,,,organic matter,not plastic,,organic matter,0.98591
67,17,,,181,-14014,<50,<50,fragment,translucent,Interesting spectra*** Omnic open specy says 80.98 polyolefins polyalkenes and 78.96 polyolefins polyalkenes,,17,V2.16,8b652374b67d0b62bfaf6cce01d1c775,0.861429,0.7,TRUE,15.04857,4,TRUE,TRUE,2,4,BigMeadow_March182022_1_100_51-750017.CSV,CC BY-NC,V2.16,bd642a3cea4aa3840a4315f2642c3cae/9fb8439a1a35efb2ddfa4e64815c4261,85b8db9550470fa3d50d3e3d1ae93134,10.48966,win cowger and sebastian primpke,ftir,tomato skin,"polymer, minerals, organic materials",transmission_4_e8_3,,,,,,,,,transmission,,,,,,,,cowger et al. 'high throughput ftir analysis of macro and microplastics with plate readers' in prep,,,,,,,,,,,,,,,,,,,,,,,,,,,,,,,,,,,,,,,,,,,,,,,,,,,,,,,,,,,,,,,,,,,,,,,,,,,,,,,,,,,,,,,,,,,,,,,,none,,,,organic matter,not plastic,,organic matter,0.965029
68,18,,,334,-8105,<50,<50,fragment,translucent,,,18,V2.17,168ad6bbe951e5da24840ca141ee33d0,0.690485,0.7,FALSE,9.736028,4,TRUE,FALSE,3,4,BigMeadow_March182022_1_100_51-750018.CSV,CC BY-NC,V2.17,bd642a3cea4aa3840a4315f2642c3cae/9fb8439a1a35efb2ddfa4e64815c4261,56418e03bb355ada90fb50c4fdd008e9,7.13674,win cowger and sebastian primpke,ftir,pp,"polymer, minerals, organic materials",reflectance_7_g10_0,,,,,,,,,reflectance,,,,,,,,"roscher, lisa; fehres, annika; reisel, lorenz; halbach, maurits; scholz-bttcher, barbara; gerriets, michaela; badewien, thomas h; shiravani, gholamreza; wurpts, andreas; primpke, sebastian; gerdts, gunnar (2021): abundances of large microplastics (l-mp, 500-5000 m) in surface waters of the weser estuary and the german north sea (april 2018). pangaea, https://doi.org/10.1594/pangaea.938143",,,,,,,,,,,,,,,,,,,,,,,,,,,,,,,,,,,,,,,1721,,,,,,,,,,,,,,,,,,,,,,,,,,,,,,,,,,,,,,,,,,,,,,,,,,,,,,,,,none,,,,polyolefins (polyalkenes),plastic,poly(propylene),polyolefins (polyalkenes),0.913668
69,19,,,186,-7614,<50,200-300,fiber/filament,brown,,,19,V2.18,53819175de66a8e77d3860a1df7a4be8,0.801105,0.7,TRUE,7.342783,4,TRUE,TRUE,4,4,BigMeadow_March182022_1_100_51-750019.CSV,CC BY-NC,V2.18,bd642a3cea4aa3840a4315f2642c3cae/9fb8439a1a35efb2ddfa4e64815c4261,ddcf7a5163abdd8465fa81295b322d91,7.282818,win cowger and sebastian primpke,ftir,fibre_grass,"polymer, minerals, organic materials",reflectance_5_a5_1,,,,,awi,,,,reflectance,,,,,,,,cowger et al. 'high throughput ftir analysis of macro and microplastics with plate readers' in prep,,,,,,,,,,,,plant fibre,fibre_grass,,,,,,,,,,,,,,,,,,,,,,,,,,,,,,,,,,,,,,faserinstitut bremen,,,,,,,,,,,,,,,,,,,,,,,,,,,,,,,,,,,,,,,,,,,,,none,,,,organic matter,not plastic,,organic matter,0.967112
70,20,,,704,-7580,200-300,500-600,fragment,brown,,,20,V2.19,53819175de66a8e77d3860a1df7a4be8,0.842541,0.7,TRUE,5.457026,4,TRUE,TRUE,5,4,BigMeadow_March182022_1_100_51-750020.CSV,CC BY-NC,V2.19,bd642a3cea4aa3840a4315f2642c3cae/9fb8439a1a35efb2ddfa4e64815c4261,c0da41208cbe57a032973bb53755e96a,7.282818,win cowger and sebastian primpke,ftir,fibre_grass,"polymer, minerals, organic materials",reflectance_5_a5_1,,,,,awi,,,,reflectance,,,,,,,,cowger et al. 'high throughput ftir analysis of macro and microplastics with plate readers' in prep,,,,,,,,,,,,plant fibre,fibre_grass,,,,,,,,,,,,,,,,,,,,,,,,,,,,,,,,,,,,,,faserinstitut bremen,,,,,,,,,,,,,,,,,,,,,,,,,,,,,,,,,,,,,,,,,,,,,none,,,,organic matter,not plastic,,organic matter,0.967112
71,21,,,597,-5761,<50,300-400,fiber/filament,translucent,,,21,V2.20,e42f6ddbda160f2a9b764f2a3475ce9e,0.856908,0.7,TRUE,5.839006,4,TRUE,TRUE,1,5,BigMeadow_March182022_1_100_51-750021.CSV,CC BY-NC,V2.20,bd642a3cea4aa3840a4315f2642c3cae/9fb8439a1a35efb2ddfa4e64815c4261,377349f889b92d0176fb1b338f447206,5.798567,win cowger and sebastian primpke,ftir,fibre_cotton_us_pima,"polymer, minerals, organic materials",transmission_4_h5_2,,,,,awi,,,,transmission,,,,,,,,cowger et al. 'high throughput ftir analysis of macro and microplastics with plate readers' in prep,,,,,,,,,,,,plant fibre,fibre_cotton_us_pima,,,,,,,,,,,,,,,,,,,,,,,,,,,,,,,,,,,,,,faserinstitut bremen,,,,,,,,,,,,,,,,,,,,,,,,,,,,,,,,,,,,,,,,,,,,,none,,,,organic matter,not plastic,,organic matter,0.815313
72,22,,,556,-2521,100-200,100-200,fragment,brown,,,22,V2.21,f810103e05c75bbbc7a9180214e5051e,0.804559,0.7,TRUE,3.880164,4,FALSE,FALSE,2,5,BigMeadow_March182022_1_100_51-750022.CSV,CC BY-NC,V2.21,bd642a3cea4aa3840a4315f2642c3cae/9fb8439a1a35efb2ddfa4e64815c4261,2933b3d3fc4db0e64bba3481788e9281,34.55025,kimmel_center,ftir,"fulvic acid (soli masmia, israel; a. nissenbaum)","organic materials, minerals, archeology","./fulvic acid (soli masmia, israel, a. nissenbaum).dx kimmel",unknown,,,,unknown,,,,absorbance,absorbance,"absorbance of natural & biogenic material of archeological interest. collected and provided by prof. steven weiner from kimmel center for archaeological science, weizmann institute of science, israel",5.01  $$ datafile exported by spectragryph v.1.2.15,1,-1.92847,unknown,,,,,,,,,,,,,,,,,,,,,,,,,,,,,,,,,,,,,,,,,,,,,,,,,,,,,,,,,,,,,,,,,,,,,,,,,,,,,,########,,,,,,,,,,,,,,,,,,,,,,,,other material,not plastic,,organic matter,0.96772
73,23,,,1068,-2396,100-200,100-200,fragment,brown,,,23,V2.22,100e68fe02c46db8ba451607038b4d06,0.850372,0.7,TRUE,4.60897,4,TRUE,TRUE,3,5,BigMeadow_March182022_1_100_51-750023.CSV,CC BY-NC,V2.22,bd642a3cea4aa3840a4315f2642c3cae/9fb8439a1a35efb2ddfa4e64815c4261,8e43a63b2cee6358ea40aad12ec9ecc8,7.123948,usda,ftir,soil,soil,127438xs03_usda,,,,,,,,,reflection,,,,,,bruker vertex-70 with hts-xt,,,,,,,,,,,,,,,,4 cm-1,cooled detector,"600 to 4000 cm1, applying 32 scans",,,,,,,,,,,,,,,,,,,,,,,,,,,,,,,,,,,,,,,,,,,,,,,,,,,,,,,,,,,,,,,,,,,,,,,,,,,,,,,,,,,,other material,not plastic,,other material,0.978662
74,24,,,653,-14337,<50,200-300,fiber/filament,translucent,"Very thin, may not transmit",,24,V2.23,0996486570b4714b8cf48d8705c6dbdf,0.877805,0.7,TRUE,11.00248,4,TRUE,TRUE,4,5,BigMeadow_March182022_1_100_51-750024.CSV,CC BY-NC,V2.23,bd642a3cea4aa3840a4315f2642c3cae/9fb8439a1a35efb2ddfa4e64815c4261,6abd0353aa9619a3b13fdb845d5d73a2,22.43848,"flopp, de frond et al. 2021",ftir,cotton 11. brown fiber,polymers,cotton 11. brown fiber,nicolet,,,,thermo fisher scientific corporation,,,,transmittance,transmittance,https://doi.org/10.1021/acs.analchem.1c02549,5.01  $$ nicolet v. 970,1.00E-09,1.928548,nicolet in10 mx,,,,,,,,,,,,,,,,4,,,,,,,,,,,,,,,,,,,,,,,,,,,,,,,,,,,,,,,32,16:41:19,ratio against background,truncated,elementmultiply or elementdivide,11.18 sec,1,32,1,2,4096,8192,n-b strong;,alk1911898;,,,,,,,,,,########,,,,,,,,,mertz;,,,,,,,,,15798.67 cm-1,11.18 sec,,,,,organic matter,not plastic,,organic matter,0.987258
75,25,,,979,-20771,<50,<50,fragment,black,On wire corner. Looks mineral.,,25,V2.24,489644b994bbcd39503cbddadc1964d5,0.708918,0.7,TRUE,7.484056,4,TRUE,TRUE,5,5,BigMeadow_March182022_1_100_51-750025.CSV,CC BY-NC,V2.24,bd642a3cea4aa3840a4315f2642c3cae/9fb8439a1a35efb2ddfa4e64815c4261,0d7c4ad7eaf4fcce8ee1ca848210add2,34.84547,win cowger and sebastian primpke,ftir,coal,"polymer, minerals, organic materials",reflectance_4_c5_2,,,,,awi,,,,reflectance,,,,,,,,cowger et al. 'high throughput ftir analysis of macro and microplastics with plate readers' in prep,,,,,,,,,,,found missing wwtp check,coal,c,,,,,,,,,,,,,,,,,,,,,,,,,,,,,,,,,,,,,,edeka,,,,,,,,,,,,,,,,,,,,,,,,,,,,,,,,,,,,,,,,,,,,,none,,,,other material,not plastic,,other material,0.967825
76,1,,,1254,-20732,<50,500-600,fiber/filament,brown,,,1,V2,d56a8ac5d23c6c54c630ec25e165dced,0.809941,0.7,TRUE,4.052738,4,TRUE,TRUE,1,1,BigMeadow_March182022_1_100_76-1000001.CSV,CC BY-NC,V2,bd642a3cea4aa3840a4315f2642c3cae/9fb8439a1a35efb2ddfa4e64815c4261,6c00e4bfb8577e3fd84622c8bbd74cdd,5.693681,nist chem web book,ftir,sigmacell cellulose (20 um),"polymer, minerals, organic materials",./87.txt,public domain,,,,pacific northwest national laboratory under iarpa contract,,,,reflectance,,,4.24,8.00E-10,-0.9645,bruker tensor 37 ftir,,,,,,,,,,,,,,,,0.964501,a 562-g integrating sphere,,,,,,,,,,,,,,,,,,,,,,,,,,,,,,,,,,,,solid,,2048,,,,,,,,,,,,blackman-harris 3-term,,,,,,,,,,,17-Mar,( c 6 h 10 o 5 ) n,6 mm,ge on kbr,"22 mm, 60 field of view mct",75 mm,"double-sided, forward-backward",40 khz,32,mertz,4,0.4 cm-1,open,512 points,,,9004-34-6,,,,,,,,organic matter,not plastic,,organic matter,0.891948
77,2,,,1086,-20272,50-100,50-100,fragment,brown,On wire,,2,V2.1,a83300a203e7df7954f054242746922a,0.811793,0.7,TRUE,6.079579,4,TRUE,TRUE,2,1,BigMeadow_March182022_1_100_76-1000002.CSV,CC BY-NC,V2.1,bd642a3cea4aa3840a4315f2642c3cae/9fb8439a1a35efb2ddfa4e64815c4261,67fc4925a87d7e5448c0ee2fa7ea7c7b,6.228064,usda,ftir,soil,soil,298004xn01_usda,,,,,,,,,reflection,,,,,,bruker vertex-70 with hts-xt,,,,,,,,,,,,,,,,4 cm-1,cooled detector,"600 to 4000 cm1, applying 32 scans",,,,,,,,,,,,,,,,,,,,,,,,,,,,,,,,,,,,,,,,,,,,,,,,,,,,,,,,,,,,,,,,,,,,,,,,,,,,,,,,,,,,other material,not plastic,,other material,0.983592
78,3,,,1001,-20124,<50,300-400,fiber/filament,translucent,"Possibly longer than 400, wraps around wire and disappears.",,3,V2.2,92bb7c876d77c899fa0b67bc474c97a9,0.765101,0.7,TRUE,5.706323,4,TRUE,TRUE,3,1,BigMeadow_March182022_1_100_76-1000003.CSV,CC BY-NC,V2.2,bd642a3cea4aa3840a4315f2642c3cae/9fb8439a1a35efb2ddfa4e64815c4261,33ed3780b5a38ed403dc1241e5c7431b,12.45028,"flopp, de frond et al. 2021",ftir,c10. grey fiber,polymers,c10. grey fiber,nicolet,,,,thermo fisher scientific corporation,,,,transmittance,transmittance,https://doi.org/10.1021/acs.analchem.1c02549,5.01  $$ nicolet v. 970,1.00E-08,1.928548,nicolet in10 mx,,,,,,,,,,,,,,,,4,,,,,,,,,,,,,,,,,,,,,,,,,,,,,,,,,,,,,,,32,13:03:47,ratio against background,truncated,elementmultiply or elementdivide,11.18 sec,1,32,1,2,4096,8192,n-b strong;,alk1911898;,,,,,,,,,,########,,,,,,,,,mertz;,,,,,,,,,15798.67 cm-1,11.18 sec,,,,,organic matter,not plastic,,organic matter,0.987258
79,4,,,1918,-20916,<50,400-500,fiber/filament,translucent,,,4,V2.3,e42f6ddbda160f2a9b764f2a3475ce9e,0.78735,0.7,TRUE,5.19982,4,TRUE,TRUE,4,1,BigMeadow_March182022_1_100_76-1000004.CSV,CC BY-NC,V2.3,bd642a3cea4aa3840a4315f2642c3cae/9fb8439a1a35efb2ddfa4e64815c4261,477290a1a1813b7421cce85914583b9e,5.798567,win cowger and sebastian primpke,ftir,fibre_cotton_us_pima,"polymer, minerals, organic materials",transmission_4_h5_2,,,,,awi,,,,transmission,,,,,,,,cowger et al. 'high throughput ftir analysis of macro and microplastics with plate readers' in prep,,,,,,,,,,,,plant fibre,fibre_cotton_us_pima,,,,,,,,,,,,,,,,,,,,,,,,,,,,,,,,,,,,,,faserinstitut bremen,,,,,,,,,,,,,,,,,,,,,,,,,,,,,,,,,,,,,,,,,,,,,none,,,,organic matter,not plastic,,organic matter,0.815313
80,5,,,1862,-16181,<50,<50,fragment,translucent,On wire,,5,V2.4,3ffc498c75f4d3ba2ea45530f27a934b,0.638419,0.7,FALSE,4.75404,4,TRUE,FALSE,5,1,BigMeadow_March182022_1_100_76-1000005.CSV,CC BY-NC,V2.4,bd642a3cea4aa3840a4315f2642c3cae/9fb8439a1a35efb2ddfa4e64815c4261,087c00dc28325fc6b3fad66fe6c353a5,10.64521,kimmel_center,ftir,res 11 boswellia sacra,"organic materials, minerals, archeology",./resin tree modern boswellia sacra.dx kimmel,unknown,,,,unknown,,,,absorbance,absorbance,"absorbance of natural & biogenic material of archeological interest. collected and provided by prof. steven weiner from kimmel center for archaeological science, weizmann institute of science, israel",5.01  $$ datafile exported by spectragryph v.1.2.15,1,-1.92847,unknown,,,,,,,,,,,,,,,,,,,,,,,,,,,,,,,,,,,,,,,,,,,,,,,,,,,,,,,,,,,,,,,,,,,,,,,,,,,,,,26/05/2008 18:52:00,,,,,,,,,,,,,,,,,,,,,,,,other material,not plastic,,organic matter,0.897597
81,6,,,2202,-18600,50-100,50-100,fragment,black,,,6,V2.5,d9cc70b528e4ff309af9db07b66a83aa,0.832727,0.7,TRUE,6.319115,4,TRUE,TRUE,1,2,BigMeadow_March182022_1_100_76-1000006.CSV,CC BY-NC,V2.5,bd642a3cea4aa3840a4315f2642c3cae/9fb8439a1a35efb2ddfa4e64815c4261,88849e7ca0eb5be5964fd58f8c1f1cc8,6.774405,usda,ftir,soil,soil,107709xs03_usda,,,,,,,,,reflection,,,,,,bruker vertex-70 with hts-xt,,,,,,,,,,,,,,,,4 cm-1,cooled detector,"600 to 4000 cm1, applying 32 scans",,,,,,,,,,,,,,,,,,,,,,,,,,,,,,,,,,,,,,,,,,,,,,,,,,,,,,,,,,,,,,,,,,,,,,,,,,,,,,,,,,,,other material,not plastic,,other material,0.987367
82,7,,,2395,-12025,<50,200-300,fiber/filament,white ,,,7,V2.6,e42f6ddbda160f2a9b764f2a3475ce9e,0.763961,0.7,TRUE,4.211277,4,TRUE,TRUE,2,2,BigMeadow_March182022_1_100_76-1000007.CSV,CC BY-NC,V2.6,bd642a3cea4aa3840a4315f2642c3cae/9fb8439a1a35efb2ddfa4e64815c4261,968cf12f40976085bd11d42130373e55,5.798567,win cowger and sebastian primpke,ftir,fibre_cotton_us_pima,"polymer, minerals, organic materials",transmission_4_h5_2,,,,,awi,,,,transmission,,,,,,,,cowger et al. 'high throughput ftir analysis of macro and microplastics with plate readers' in prep,,,,,,,,,,,,plant fibre,fibre_cotton_us_pima,,,,,,,,,,,,,,,,,,,,,,,,,,,,,,,,,,,,,,faserinstitut bremen,,,,,,,,,,,,,,,,,,,,,,,,,,,,,,,,,,,,,,,,,,,,,none,,,,organic matter,not plastic,,organic matter,0.815313
83,8,,,2771,-2265,<50,<50,fragment,brown,On filter edge.,,8,V2.7,db2e1e4c9055ac97d0b79e51c6f743a5,0.62402,0.7,FALSE,2.731338,4,FALSE,FALSE,3,2,BigMeadow_March182022_1_100_76-1000008.CSV,CC BY-NC,V2.7,bd642a3cea4aa3840a4315f2642c3cae/9fb8439a1a35efb2ddfa4e64815c4261,ea0930218f803578fd907481f75be93b,6.787627,usda,ftir,soil,soil,297963xn02_usda,,,,,,,,,reflection,,,,,,bruker vertex-70 with hts-xt,,,,,,,,,,,,,,,,4 cm-1,cooled detector,"600 to 4000 cm1, applying 32 scans",,,,,,,,,,,,,,,,,,,,,,,,,,,,,,,,,,,,,,,,,,,,,,,,,,,,,,,,,,,,,,,,,,,,,,,,,,,,,,,,,,,,other material,not plastic,,other material,0.98975
84,9,,,2671,-8682,<50,50-100,fragment,white ,,,9,V2.8,f810103e05c75bbbc7a9180214e5051e,0.838664,0.7,TRUE,4.307052,4,TRUE,TRUE,4,2,BigMeadow_March182022_1_100_76-1000009.CSV,CC BY-NC,V2.8,bd642a3cea4aa3840a4315f2642c3cae/9fb8439a1a35efb2ddfa4e64815c4261,e75729bbca2b837ad49772764d295d95,34.55025,kimmel_center,ftir,"fulvic acid (soli masmia, israel; a. nissenbaum)","organic materials, minerals, archeology","./fulvic acid (soli masmia, israel, a. nissenbaum).dx kimmel",unknown,,,,unknown,,,,absorbance,absorbance,"absorbance of natural & biogenic material of archeological interest. collected and provided by prof. steven weiner from kimmel center for archaeological science, weizmann institute of science, israel",5.01  $$ datafile exported by spectragryph v.1.2.15,1,-1.92847,unknown,,,,,,,,,,,,,,,,,,,,,,,,,,,,,,,,,,,,,,,,,,,,,,,,,,,,,,,,,,,,,,,,,,,,,,,,,,,,,,########,,,,,,,,,,,,,,,,,,,,,,,,other material,not plastic,,organic matter,0.96772
85,10,,,2616,-20298,<50,400-500,fiber/filament,translucent,,,10,V2.9,e42f6ddbda160f2a9b764f2a3475ce9e,0.874662,0.7,TRUE,5.98157,4,TRUE,TRUE,5,2,BigMeadow_March182022_1_100_76-1000010.CSV,CC BY-NC,V2.9,bd642a3cea4aa3840a4315f2642c3cae/9fb8439a1a35efb2ddfa4e64815c4261,7261f427a39c6728cd75c7b8032501ec,5.798567,win cowger and sebastian primpke,ftir,fibre_cotton_us_pima,"polymer, minerals, organic materials",transmission_4_h5_2,,,,,awi,,,,transmission,,,,,,,,cowger et al. 'high throughput ftir analysis of macro and microplastics with plate readers' in prep,,,,,,,,,,,,plant fibre,fibre_cotton_us_pima,,,,,,,,,,,,,,,,,,,,,,,,,,,,,,,,,,,,,,faserinstitut bremen,,,,,,,,,,,,,,,,,,,,,,,,,,,,,,,,,,,,,,,,,,,,,none,,,,organic matter,not plastic,,organic matter,0.815313
86,11,,,3029,-9360,50-100,50-100,sphere/spheroid,white ,,,11,V2.10,d96cac92ab746d4a955d85e50630a81b,0.859882,0.7,TRUE,8.062967,4,TRUE,TRUE,1,3,BigMeadow_March182022_1_100_76-1000011.CSV,CC BY-NC,V2.10,bd642a3cea4aa3840a4315f2642c3cae/9fb8439a1a35efb2ddfa4e64815c4261,de9e00decb96ce1aab425993c538382d,10.33305,win cowger and sebastian primpke,ftir,tomato skin,"polymer, minerals, organic materials",reflectance_4_e8_0,,,,,,,,,reflectance,,,,,,,,cowger et al. 'high throughput ftir analysis of macro and microplastics with plate readers' in prep,,,,,,,,,,,,,,,,,,,,,,,,,,,,,,,,,,,,,,,,,,,,,,,,,,,,,,,,,,,,,,,,,,,,,,,,,,,,,,,,,,,,,,,,,,,,,,,,none,,,,organic matter,not plastic,,organic matter,0.973421
87,12,,,2898,-17123,50-100,50-100,fragment,black,,,12,V2.11,4e94e40a9cfdfd695d7de766f24852ca,0.705379,0.7,TRUE,6.115898,4,TRUE,TRUE,2,3,BigMeadow_March182022_1_100_76-1000012.CSV,CC BY-NC,V2.11,bd642a3cea4aa3840a4315f2642c3cae/9fb8439a1a35efb2ddfa4e64815c4261,39c3fb6397acfcb54ed9988b63ac2ed1,7.157458,win cowger and sebastian primpke,ftir,pp,"polymer, minerals, organic materials",reflectance_7_g10_2,,,,,,,,,reflectance,,,,,,,,"roscher, lisa; fehres, annika; reisel, lorenz; halbach, maurits; scholz-bttcher, barbara; gerriets, michaela; badewien, thomas h; shiravani, gholamreza; wurpts, andreas; primpke, sebastian; gerdts, gunnar (2021): abundances of large microplastics (l-mp, 500-5000 m) in surface waters of the weser estuary and the german north sea (april 2018). pangaea, https://doi.org/10.1594/pangaea.938143",,,,,,,,,,,,,,,,,,,,,,,,,,,,,,,,,,,,,,,1721,,,,,,,,,,,,,,,,,,,,,,,,,,,,,,,,,,,,,,,,,,,,,,,,,,,,,,,,,none,,,,polyolefins (polyalkenes),plastic,poly(propylene),polyolefins (polyalkenes),0.915098
88,13,,,3075,-22018,50-100,100-200,fragment,white ,,,13,V2.12,ee43ac68a519a1d0504678a0c7fe79ca,0.813855,0.7,TRUE,7.898573,4,TRUE,TRUE,3,3,BigMeadow_March182022_1_100_76-1000013.CSV,CC BY-NC,V2.12,bd642a3cea4aa3840a4315f2642c3cae/9fb8439a1a35efb2ddfa4e64815c4261,6d0b37c9813108854bb6459acb630545,15.84977,win cowger and sebastian primpke,ftir,fibre_urtica_dioica_l_conar_fibra,"polymer, minerals, organic materials",reflectance_5_a3_2,,,,,awi,,,,reflectance,,,,,,,,cowger et al. 'high throughput ftir analysis of macro and microplastics with plate readers' in prep,,,,,,,,,,,,plant fibre,fibre_urtica_dioica_l_conar_fibra,,,,,,,,,,,,,,,,,,,,,,,,,,,,,,,,,,,,,,faserinstitut bremen,,,,,,,,,,,,,,,,,,,,,,,,,,,,,,,,,,,,,,,,,,,,,none,,,,organic matter,not plastic,,organic matter,0.972766
89,14,,,3564,-7050,50-100,50-100,fragment,brown,,,14,V2.13,acb66b066f21305d27fb34b09de50502,0.915539,0.7,TRUE,8.607092,4,TRUE,TRUE,4,3,BigMeadow_March182022_1_100_76-1000014.CSV,CC BY-NC,V2.13,bd642a3cea4aa3840a4315f2642c3cae/9fb8439a1a35efb2ddfa4e64815c4261,381d98d77c0a268850f38204fd08789c,6.941051,usda,ftir,soil,soil,297915xn01_usda,,,,,,,,,reflection,,,,,,bruker vertex-70 with hts-xt,,,,,,,,,,,,,,,,4 cm-1,cooled detector,"600 to 4000 cm1, applying 32 scans",,,,,,,,,,,,,,,,,,,,,,,,,,,,,,,,,,,,,,,,,,,,,,,,,,,,,,,,,,,,,,,,,,,,,,,,,,,,,,,,,,,,other material,not plastic,,other material,0.987054
90,15,,,3766,-16119,50-100,50-100,fragment,yellow,Looks mineral.,,15,V2.14,45e6b3d089c8f1eb3526bf27c9cdb633,0.897428,0.7,TRUE,6.740838,4,TRUE,TRUE,5,3,BigMeadow_March182022_1_100_76-1000015.CSV,CC BY-NC,V2.14,bd642a3cea4aa3840a4315f2642c3cae/9fb8439a1a35efb2ddfa4e64815c4261,e050aafae106c9ffaae8bf5518504603,15.06957,kimmel_center,ftir,recent pollen 3 pinus,"organic materials, minerals, archeology",./pollen 3 pinus recent.dx kimmel,unknown,,,,unknown,,,,absorbance,absorbance,"absorbance of natural & biogenic material of archeological interest. collected and provided by prof. steven weiner from kimmel center for archaeological science, weizmann institute of science, israel",5.01  $$ datafile exported by spectragryph v.1.2.15,1,-0.96423,unknown,,,,,,,,,,,,,,,,,,,,,,,,,,,,,,,,,,,,,,,,,,,,,,,,,,,,,,,,,,,,,,,,,,,,,,,,,,,,,,########,,,,,,,,,,,,,,,,,,,,,,,,other material,not plastic,,other material,0.904896
91,16,,,3965,-16313,<50,800-900,fiber/filament,translucent,,,16,V2.15,fa9adae66b233d863a2f052f83a97d75,0.878394,0.7,TRUE,8.045732,4,TRUE,TRUE,1,4,BigMeadow_March182022_1_100_76-1000016.CSV,CC BY-NC,V2.15,bd642a3cea4aa3840a4315f2642c3cae/9fb8439a1a35efb2ddfa4e64815c4261,587540ab96dc6a392704169e8431620f,10.19307,primpke et al. 2018,ftir,fibre hemp fine,"polymer, minerals, organic materials",86primpke,,,,,,,,,atr,,https://doi.org/10.1007/s00216-018-1156-x,,,,,brown,,,,,,,,,,,,,,,,,,,,,,,,,,,,,,,,,,,,,,,,,,,,,,,,,,,,fibre,faserinstitut bremen,,,,,,,,,,,,,,,,,,,,,,,,,,,,,,,,,,,,,,,,,,,,,,,,organic matter,not plastic,,organic matter,0.98997
92,17,,,4144,-5367,100-200,400-500,fragment,brown,,,17,V2.16,2e88aea710c5b0efab8129e2413bc8c3,0.813779,0.7,TRUE,7.285992,4,TRUE,TRUE,2,4,BigMeadow_March182022_1_100_76-1000017.CSV,CC BY-NC,V2.16,bd642a3cea4aa3840a4315f2642c3cae/9fb8439a1a35efb2ddfa4e64815c4261,0054f8480839a1fa65f222f1629297c3,7.335604,win cowger and sebastian primpke,ftir,fur_angora_rabbit,"polymer, minerals, organic materials",reflectance_5_c7_1,,,,,awi,,,,reflectance,,,,,,,,cowger et al. 'high throughput ftir analysis of macro and microplastics with plate readers' in prep,,,,,,,,,,,,fur,fur_angora_rabbit,,,,,,,,,,,,,,,,,,,,,,,,,,,,,,,,,,,,,,faserinstitut bremen,,,,,,,,,,,,,,,,,,,,,,,,,,,,,,,,,,,,,,,,,,,,,none,,,,organic matter,not plastic,,organic matter,0.989257
93,18,,,3782,-15127,<50,600-700,fiber/filament,translucent,,,18,V2.17,e42f6ddbda160f2a9b764f2a3475ce9e,0.86979,0.7,TRUE,5.181983,4,TRUE,TRUE,3,4,BigMeadow_March182022_1_100_76-1000018.CSV,CC BY-NC,V2.17,bd642a3cea4aa3840a4315f2642c3cae/9fb8439a1a35efb2ddfa4e64815c4261,8267c77df4533acd96d7e5b16993f2f0,5.798567,win cowger and sebastian primpke,ftir,fibre_cotton_us_pima,"polymer, minerals, organic materials",transmission_4_h5_2,,,,,awi,,,,transmission,,,,,,,,cowger et al. 'high throughput ftir analysis of macro and microplastics with plate readers' in prep,,,,,,,,,,,,plant fibre,fibre_cotton_us_pima,,,,,,,,,,,,,,,,,,,,,,,,,,,,,,,,,,,,,,faserinstitut bremen,,,,,,,,,,,,,,,,,,,,,,,,,,,,,,,,,,,,,,,,,,,,,none,,,,organic matter,not plastic,,organic matter,0.815313
94,19,,,3663,-18617,<50,<50,fragment,translucent,,,19,V2.18,1d2d10f86d4dcf340fc39be614c13fb0,0.680511,0.7,FALSE,4.603582,4,TRUE,FALSE,4,4,BigMeadow_March182022_1_100_76-1000019.CSV,CC BY-NC,V2.18,bd642a3cea4aa3840a4315f2642c3cae/9fb8439a1a35efb2ddfa4e64815c4261,ce2371936cd13d24a9654955aacb002d,8.236149,win cowger and sebastian primpke,ftir,pp,"polymer, minerals, organic materials",reflectance_6_h9_0,,,,,,,,,reflectance,,,,,,,,"roscher, lisa; fehres, annika; reisel, lorenz; halbach, maurits; scholz-bttcher, barbara; gerriets, michaela; badewien, thomas h; shiravani, gholamreza; wurpts, andreas; primpke, sebastian; gerdts, gunnar (2021): abundances of large microplastics (l-mp, 500-5000 m) in surface waters of the weser estuary and the german north sea (april 2018). pangaea, https://doi.org/10.1594/pangaea.938143",,,,,,,,,,,,,,,,,,,,,,,,,,,,,,,,,,,,,,,3910,,,,,,,,,,,,,,,,,,,,,,,,,,,,,,,,,,,,,,,,,,,,,,,,,,,,,,,,,none,,,,polyolefins (polyalkenes),plastic,poly(propylene),polyolefins (polyalkenes),0.929485
95,20,,,4039,-18702,<50,400-500,fragment,brown,,,20,V2.19,e42f6ddbda160f2a9b764f2a3475ce9e,0.76016,0.7,TRUE,4.181627,4,TRUE,TRUE,5,4,BigMeadow_March182022_1_100_76-1000020.CSV,CC BY-NC,V2.19,bd642a3cea4aa3840a4315f2642c3cae/9fb8439a1a35efb2ddfa4e64815c4261,2eccf852008f7bdbd8df33c50bceaf35,5.798567,win cowger and sebastian primpke,ftir,fibre_cotton_us_pima,"polymer, minerals, organic materials",transmission_4_h5_2,,,,,awi,,,,transmission,,,,,,,,cowger et al. 'high throughput ftir analysis of macro and microplastics with plate readers' in prep,,,,,,,,,,,,plant fibre,fibre_cotton_us_pima,,,,,,,,,,,,,,,,,,,,,,,,,,,,,,,,,,,,,,faserinstitut bremen,,,,,,,,,,,,,,,,,,,,,,,,,,,,,,,,,,,,,,,,,,,,,none,,,,organic matter,not plastic,,organic matter,0.815313
96,21,,,4507,-5540,50-100,50-100,fragment,brown,,,21,V2.20,d38fd6ca8fa51bcc0aa044add23b3826,0.798161,0.7,TRUE,4.033088,4,TRUE,TRUE,1,5,BigMeadow_March182022_1_100_76-1000021.CSV,CC BY-NC,V2.20,bd642a3cea4aa3840a4315f2642c3cae/9fb8439a1a35efb2ddfa4e64815c4261,a5df52166c9fe4541ef3d7e2981cd30a,339.7834,kimmel_center,ftir,"wood tamarisk modern timna, israel","organic materials, minerals, archeology","./wood tamarisk modern timna, israel.dx kimmel",unknown,,,,unknown,,,,absorbance,absorbance,"absorbance of natural & biogenic material of archeological interest. collected and provided by prof. steven weiner from kimmel center for archaeological science, weizmann institute of science, israel",5.01  $$ datafile exported by spectragryph v.1.2.15,1,-1.92847,unknown,,,,,,,,,,,,,,,,,,,,,,,,,,,,,,,,,,,,,,,,,,,,,,,,,,,,,,,,,,,,,,,,,,,,,,,,,,,,,,########,,,,,,,,,,,,,,,,,,,,,,,,organic matter,not plastic,,other material,0.98891
97,22,,,4812,-4868,<50,100-200,fragment,brown,,,22,V2.21,a83300a203e7df7954f054242746922a,0.848517,0.7,TRUE,7.255195,4,TRUE,TRUE,2,5,BigMeadow_March182022_1_100_76-1000022.CSV,CC BY-NC,V2.21,bd642a3cea4aa3840a4315f2642c3cae/9fb8439a1a35efb2ddfa4e64815c4261,ca2f1e7396312a5ea14bf6dabbab5b29,6.228064,usda,ftir,soil,soil,298004xn01_usda,,,,,,,,,reflection,,,,,,bruker vertex-70 with hts-xt,,,,,,,,,,,,,,,,4 cm-1,cooled detector,"600 to 4000 cm1, applying 32 scans",,,,,,,,,,,,,,,,,,,,,,,,,,,,,,,,,,,,,,,,,,,,,,,,,,,,,,,,,,,,,,,,,,,,,,,,,,,,,,,,,,,,other material,not plastic,,other material,0.983592
98,23,,,4472,-21391,<50,300-400,fiber/filament,translucent,"At filter edge, noisy spectra. Very thin.",,23,V2.22,3d4a7059e5c98338d8f0349f45a8ebd1,0.825197,0.7,TRUE,13.37829,4,TRUE,TRUE,3,5,BigMeadow_March182022_1_100_76-1000023.CSV,CC BY-NC,V2.22,bd642a3cea4aa3840a4315f2642c3cae/9fb8439a1a35efb2ddfa4e64815c4261,548bdc33d2b5a719dacc2a73e601e212,13.08869,primpke et al. 2018,ftir,fibre cotton combers,"polymer, minerals, organic materials",44primpke,,,,,,,,,atr,,https://doi.org/10.1007/s00216-018-1156-x,,,,,white,,,,,,,,,,,,,,,,,,,,,,,,,,,,,,,,,,,,,,,,,,,,,,,,,,,,fibre,faserinstitut bremen,,,,,,,,,,,,,,,,,,,,,,,,,,,,,,,,,,,,,,,,,,,,,,,,organic matter,not plastic,,organic matter,0.989125
99,24,,,4629,-20868,50-100,50-100,fragment,brown,,,24,V2.23,e42f6ddbda160f2a9b764f2a3475ce9e,0.824248,0.7,TRUE,6.077742,4,TRUE,TRUE,4,5,BigMeadow_March182022_1_100_76-1000024.CSV,CC BY-NC,V2.23,bd642a3cea4aa3840a4315f2642c3cae/9fb8439a1a35efb2ddfa4e64815c4261,0433c2f725730105bc80236ec35f7766,5.798567,win cowger and sebastian primpke,ftir,fibre_cotton_us_pima,"polymer, minerals, organic materials",transmission_4_h5_2,,,,,awi,,,,transmission,,,,,,,,cowger et al. 'high throughput ftir analysis of macro and microplastics with plate readers' in prep,,,,,,,,,,,,plant fibre,fibre_cotton_us_pima,,,,,,,,,,,,,,,,,,,,,,,,,,,,,,,,,,,,,,faserinstitut bremen,,,,,,,,,,,,,,,,,,,,,,,,,,,,,,,,,,,,,,,,,,,,,none,,,,organic matter,not plastic,,organic matter,0.815313
100,25,,,4869,-14316,100-200,100-200,fragment,white ,,,25,V2.24,d17f8cae31a6d96f2869bfb81ce34938,0.817297,0.7,TRUE,4.37788,4,TRUE,TRUE,5,5,BigMeadow_March182022_1_100_76-1000025.CSV,CC BY-NC,V2.24,bd642a3cea4aa3840a4315f2642c3cae/9fb8439a1a35efb2ddfa4e64815c4261,a70d70b7de458cfcda71f7c5f828a680,11.48384,"flopp, de frond et al. 2021",ftir,c11. pink fiber,polymers,c11. pink fiber,nicolet,,,,thermo fisher scientific corporation,,,,transmittance,transmittance,https://doi.org/10.1021/acs.analchem.1c02549,5.01  $$ nicolet v. 970,1.00E-08,1.928548,nicolet in10 mx,,,,,,,,,,,,,,,,4,,,,,,,,,,,,,,,,,,,,,,,,,,,,,,,,,,,,,,,32,13:07:15,ratio against background,truncated,elementmultiply or elementdivide,11.18 sec,1,32,1,2,4096,8192,n-b strong;,alk1911898;,,,,,,,,,,########,,,,,,,,,mertz;,,,,,,,,,15798.67 cm-1,11.18 sec,,,,,organic matter,not plastic,,organic matter,0.973158
101,1,,,4813,-4854,50-100,100-200,fragment,brown,,,1,V2,aa9158b06b96cdcd7b4f5126ac92e952,0.863827,0.7,TRUE,6.736856,4,TRUE,TRUE,1,1,BigMeadow_March182022_1_100_101-1210001.CSV,CC BY-NC,V2,bd642a3cea4aa3840a4315f2642c3cae/9fb8439a1a35efb2ddfa4e64815c4261,8a59d996b519164b24fe719847faa3a2,6.581562,usda,ftir,soil,soil,297993xn02_usda,,,,,,,,,reflection,,,,,,bruker vertex-70 with hts-xt,,,,,,,,,,,,,,,,4 cm-1,cooled detector,"600 to 4000 cm1, applying 32 scans",,,,,,,,,,,,,,,,,,,,,,,,,,,,,,,,,,,,,,,,,,,,,,,,,,,,,,,,,,,,,,,,,,,,,,,,,,,,,,,,,,,,other material,not plastic,,other material,0.98953
102,2,,,5044,-4551,50-100,50-100,fragment,black,,,2,V2.1,592db9fc0162a25c3fb6406fead6d7ab,0.864108,0.7,TRUE,11.87516,4,TRUE,TRUE,2,1,BigMeadow_March182022_1_100_101-1210002.CSV,CC BY-NC,V2.1,bd642a3cea4aa3840a4315f2642c3cae/9fb8439a1a35efb2ddfa4e64815c4261,54559a6dc01ed5b4b10bb8c8911bdfcf,8.805943,usda,ftir,soil,soil,297969xn01_usda,,,,,,,,,reflection,,,,,,bruker vertex-70 with hts-xt,,,,,,,,,,,,,,,,4 cm-1,cooled detector,"600 to 4000 cm1, applying 32 scans",,,,,,,,,,,,,,,,,,,,,,,,,,,,,,,,,,,,,,,,,,,,,,,,,,,,,,,,,,,,,,,,,,,,,,,,,,,,,,,,,,,,other material,not plastic,,other material,0.98397
103,3,,,5039,-4376,50-100,200-300,fragment,brown,brown-translucent; overlaps with point 102,,3,V2.2,8b652374b67d0b62bfaf6cce01d1c775,0.863257,0.7,TRUE,7.543906,4,TRUE,TRUE,3,1,BigMeadow_March182022_1_100_101-1210003.CSV,CC BY-NC,V2.2,bd642a3cea4aa3840a4315f2642c3cae/9fb8439a1a35efb2ddfa4e64815c4261,6945ae565f222a98c3a8c6673b883533,10.48966,win cowger and sebastian primpke,ftir,tomato skin,"polymer, minerals, organic materials",transmission_4_e8_3,,,,,,,,,transmission,,,,,,,,cowger et al. 'high throughput ftir analysis of macro and microplastics with plate readers' in prep,,,,,,,,,,,,,,,,,,,,,,,,,,,,,,,,,,,,,,,,,,,,,,,,,,,,,,,,,,,,,,,,,,,,,,,,,,,,,,,,,,,,,,,,,,,,,,,,none,,,,organic matter,not plastic,,organic matter,0.965029
104,4,,,5582,-3561,100-200,100-200,fragment,white ,,,4,V2.3,924de73b6ccc2c4a8fa2bf7a832ad521,0.805558,0.7,TRUE,3.966633,4,FALSE,FALSE,4,1,BigMeadow_March182022_1_100_101-1210004.CSV,CC BY-NC,V2.3,bd642a3cea4aa3840a4315f2642c3cae/9fb8439a1a35efb2ddfa4e64815c4261,5da491f023795a4832f748d0def795da,6.480071,usda,ftir,soil,soil,127438xs01_usda,,,,,,,,,reflection,,,,,,bruker vertex-70 with hts-xt,,,,,,,,,,,,,,,,4 cm-1,cooled detector,"600 to 4000 cm1, applying 32 scans",,,,,,,,,,,,,,,,,,,,,,,,,,,,,,,,,,,,,,,,,,,,,,,,,,,,,,,,,,,,,,,,,,,,,,,,,,,,,,,,,,,,other material,not plastic,,other material,0.978414
105,5,,,5261,-7580,50-100,50-100,film,brown,speckled,,5,V2.4,f810103e05c75bbbc7a9180214e5051e,0.816423,0.7,TRUE,4.090148,4,TRUE,TRUE,5,1,BigMeadow_March182022_1_100_101-1210005.CSV,CC BY-NC,V2.4,bd642a3cea4aa3840a4315f2642c3cae/9fb8439a1a35efb2ddfa4e64815c4261,168c2b2ce7fa2ff831c45e40987e7db1,34.55025,kimmel_center,ftir,"fulvic acid (soli masmia, israel; a. nissenbaum)","organic materials, minerals, archeology","./fulvic acid (soli masmia, israel, a. nissenbaum).dx kimmel",unknown,,,,unknown,,,,absorbance,absorbance,"absorbance of natural & biogenic material of archeological interest. collected and provided by prof. steven weiner from kimmel center for archaeological science, weizmann institute of science, israel",5.01  $$ datafile exported by spectragryph v.1.2.15,1,-1.92847,unknown,,,,,,,,,,,,,,,,,,,,,,,,,,,,,,,,,,,,,,,,,,,,,,,,,,,,,,,,,,,,,,,,,,,,,,,,,,,,,,########,,,,,,,,,,,,,,,,,,,,,,,,other material,not plastic,,organic matter,0.96772
106,6,,,5200,-19214,50-100,50-100,fragment,brown,,,6,V2.5,939cdb38b6e976494a60a3496f6cc208,0.73206,0.7,TRUE,6.144628,4,TRUE,TRUE,1,2,BigMeadow_March182022_1_100_101-1210006.CSV,CC BY-NC,V2.5,bd642a3cea4aa3840a4315f2642c3cae/9fb8439a1a35efb2ddfa4e64815c4261,c6d5ff84845affad665bba7ef0f70450,6.443875,usda,ftir,soil,soil,101733xs04_usda,,,,,,,,,reflection,,,,,,bruker vertex-70 with hts-xt,,,,,,,,,,,,,,,,4 cm-1,cooled detector,"600 to 4000 cm1, applying 32 scans",,,,,,,,,,,,,,,,,,,,,,,,,,,,,,,,,,,,,,,,,,,,,,,,,,,,,,,,,,,,,,,,,,,,,,,,,,,,,,,,,,,,other material,not plastic,,other material,0.987619
107,7,,,5148,-20727,50-100,50-100,fragment,brown,yellow-brown,,7,V2.6,45e6b3d089c8f1eb3526bf27c9cdb633,0.898673,0.7,TRUE,6.524249,4,TRUE,TRUE,2,2,BigMeadow_March182022_1_100_101-1210007.CSV,CC BY-NC,V2.6,bd642a3cea4aa3840a4315f2642c3cae/9fb8439a1a35efb2ddfa4e64815c4261,fcddb99df39674ae351cd978a0fe7c00,15.06957,kimmel_center,ftir,recent pollen 3 pinus,"organic materials, minerals, archeology",./pollen 3 pinus recent.dx kimmel,unknown,,,,unknown,,,,absorbance,absorbance,"absorbance of natural & biogenic material of archeological interest. collected and provided by prof. steven weiner from kimmel center for archaeological science, weizmann institute of science, israel",5.01  $$ datafile exported by spectragryph v.1.2.15,1,-0.96423,unknown,,,,,,,,,,,,,,,,,,,,,,,,,,,,,,,,,,,,,,,,,,,,,,,,,,,,,,,,,,,,,,,,,,,,,,,,,,,,,,########,,,,,,,,,,,,,,,,,,,,,,,,other material,not plastic,,other material,0.904896
108,8,,,6338,-6231,<50,50-100,fiber/filament,translucent,,,8,V2.7,338e95dde257e150df0a098be5ac7f6b,0.843377,0.7,TRUE,6.693475,4,TRUE,TRUE,3,2,BigMeadow_March182022_1_100_101-1210008.CSV,CC BY-NC,V2.7,bd642a3cea4aa3840a4315f2642c3cae/9fb8439a1a35efb2ddfa4e64815c4261,ea34115e67c0ad7aa737b60be3bd1fb5,12.0761,"suja sukumaran, thermo fisher scientific",ftir,protein,"polymer, minerals, organic materials",45 suja,,,,,,,,,,,omnic correlation: 90,,,,,yellow,,,,,,,,,,,,,,,,,,,,,,,,,,,,,,,,,,,,,,,,,,,,,,,,,,,,partcle,,,,,,,,,,,,,,,,,,,,,,,,,,,,,,,,,,,,,,,,,,,,,,,,,other material,not plastic,,organic matter,0.976409
109,9,,,6438,-8145,50-100,100-200,fragment,brown,,,9,V2.8,f3318fd9bbb398518ba6143a2939cf59,0.87616,0.7,TRUE,11.70531,4,TRUE,TRUE,4,2,BigMeadow_March182022_1_100_101-1210009.CSV,CC BY-NC,V2.8,bd642a3cea4aa3840a4315f2642c3cae/9fb8439a1a35efb2ddfa4e64815c4261,f832ae6215c19c5af4d28176b0288f5d,6.517447,usda,ftir,soil,soil,297915xn04_usda,,,,,,,,,reflection,,,,,,bruker vertex-70 with hts-xt,,,,,,,,,,,,,,,,4 cm-1,cooled detector,"600 to 4000 cm1, applying 32 scans",,,,,,,,,,,,,,,,,,,,,,,,,,,,,,,,,,,,,,,,,,,,,,,,,,,,,,,,,,,,,,,,,,,,,,,,,,,,,,,,,,,,other material,not plastic,,other material,0.986281
110,10,,,6494,-16049,100-200,100-200,fragment,translucent,glass-like,,10,V2.9,5b0dd79fa633a504d5097262ae528e6a,0.923633,0.7,TRUE,16.68801,4,TRUE,TRUE,5,2,BigMeadow_March182022_1_100_101-1210010.CSV,CC BY-NC,V2.9,bd642a3cea4aa3840a4315f2642c3cae/9fb8439a1a35efb2ddfa4e64815c4261,3ced7f68d38faf6178ce022499315d54,487.5065,kimmel_center,ftir,amber (baltic; a. nissenbaum),"organic materials, minerals, archeology","./amber (baltic, a. nissenbaum).dx kimmel",unknown,,,,unknown,,,,absorbance,absorbance,"absorbance of natural & biogenic material of archeological interest. collected and provided by prof. steven weiner from kimmel center for archaeological science, weizmann institute of science, israel",5.01  $$ datafile exported by spectragryph v.1.2.15,1,-1.92847,unknown,,,,,,,,,,,,,,,,,,,,,,,,,,,,,,,,,,,,,,,,,,,,,,,,,,,,,,,,,,,,,,,,,,,,,,,,,,,,,,########,,,,,,,,,,,,,,,,,,,,,,,,mineral,not plastic,,other material,0.989719
111,11,,,6605,-16747,50-100,100-200,fragment,white ,,,11,V2.10,20e7623e4a4ef9243806aba7e9cd0133,0.840557,0.7,TRUE,4.982013,4,TRUE,TRUE,1,3,BigMeadow_March182022_1_100_101-1210011.CSV,CC BY-NC,V2.10,bd642a3cea4aa3840a4315f2642c3cae/9fb8439a1a35efb2ddfa4e64815c4261,cc4de5b051cefb4cd002576ef45ef63f,343.8589,kimmel_center,ftir,wood fossil (untreated) cave of letters 3916,"organic materials, minerals, archeology",./wood fossil (untreated) cave of letters 3916.dx kimmel,unknown,,,,unknown,,,,absorbance,absorbance,"absorbance of natural & biogenic material of archeological interest. collected and provided by prof. steven weiner from kimmel center for archaeological science, weizmann institute of science, israel",5.01  $$ datafile exported by spectragryph v.1.2.15,1,-1.92847,unknown,,,,,,,,,,,,,,,,,,,,,,,,,,,,,,,,,,,,,,,,,,,,,,,,,,,,,,,,,,,,,,,,,,,,,,,,,,,,,,13/02/2007 18:24:56,,,,,,,,,,,,,,,,,,,,,,,,other material,not plastic,,other material,0.989279
112,12,,,6977,-7174,50-100,100-200,fragment,brown,brown-translucent,,12,V2.11,d82b12c85fcedb5bff8b3af60fb72acc,0.846388,0.7,TRUE,4.399115,4,TRUE,TRUE,2,3,BigMeadow_March182022_1_100_101-1210012.CSV,CC BY-NC,V2.11,bd642a3cea4aa3840a4315f2642c3cae/9fb8439a1a35efb2ddfa4e64815c4261,7c1a3a73e6ea00eeea5d0461735b2f14,13.86418,primpke et al. 2018,ftir,fibre kapok,"polymer, minerals, organic materials",103primpke,,,,,,,,,atr,,https://doi.org/10.1007/s00216-018-1156-x,,,,,white,,,,,,,,,,,,,,,,,,,,,,,,,,,,,,,,,,,,,,,,,,,,,,,,,,,,fibre,faserinstitut bremen,,,,,,,,,,,,,,,,,,,,,,,,,,,,,,,,,,,,,,,,,,,,,,,,organic matter,not plastic,,organic matter,0.982933
113,13,,,7216,-5290,100-200,200-300,fragment,brown,,,13,V2.12,2b90a9d2d23dd69b649aff28a80e7c54,0.824744,0.7,TRUE,7.757079,4,TRUE,TRUE,3,3,BigMeadow_March182022_1_100_101-1210013.CSV,CC BY-NC,V2.12,bd642a3cea4aa3840a4315f2642c3cae/9fb8439a1a35efb2ddfa4e64815c4261,3e9b1cb6823d4d0aa33090e76dd7516d,5.496212,win cowger and sebastian primpke,ftir,fur_angora_rabbit,"polymer, minerals, organic materials",transmission_5_c7_3,,,,,awi,,,,transmission,,,,,,,,cowger et al. 'high throughput ftir analysis of macro and microplastics with plate readers' in prep,,,,,,,,,,,,fur,fur_angora_rabbit,,,,,,,,,,,,,,,,,,,,,,,,,,,,,,,,,,,,,,faserinstitut bremen,,,,,,,,,,,,,,,,,,,,,,,,,,,,,,,,,,,,,,,,,,,,,none,,,,organic matter,not plastic,,organic matter,0.981539
114,14,,,7861,-15090,50-100,50-100,fragment,brown,,,14,V2.13,878f3712aa476a292040b20de55e19c0,0.845575,0.7,TRUE,5.506348,4,TRUE,TRUE,4,3,BigMeadow_March182022_1_100_101-1210014.CSV,CC BY-NC,V2.13,bd642a3cea4aa3840a4315f2642c3cae/9fb8439a1a35efb2ddfa4e64815c4261,6d5cd5a2d99b13d4f533f16847585891,373.903,kimmel_center,ftir,fulvic acid (huleh peat; a. nissenbaum),"organic materials, minerals, archeology","./fulvic acid (huleh peat, a. nissenbaum).dx kimmel",unknown,,,,unknown,,,,absorbance,absorbance,"absorbance of natural & biogenic material of archeological interest. collected and provided by prof. steven weiner from kimmel center for archaeological science, weizmann institute of science, israel",5.01  $$ datafile exported by spectragryph v.1.2.15,1,-1.92847,unknown,,,,,,,,,,,,,,,,,,,,,,,,,,,,,,,,,,,,,,,,,,,,,,,,,,,,,,,,,,,,,,,,,,,,,,,,,,,,,,########,,,,,,,,,,,,,,,,,,,,,,,,other material,not plastic,,other material,0.988877
115,15,,,8174,-16603,50-100,100-200,fragment,brown,brown-translucent,,15,V2.14,83fceb65d2940ed2cda16d484a09d944,0.914838,0.7,TRUE,6.687277,4,TRUE,TRUE,5,3,BigMeadow_March182022_1_100_101-1210015.CSV,CC BY-NC,V2.14,bd642a3cea4aa3840a4315f2642c3cae/9fb8439a1a35efb2ddfa4e64815c4261,c94f200d29dfe834c40763801d156ec1,7.355442,kimmel_center,ftir,keratin peacock feather quill 100,"organic materials, minerals, archeology",./keratin peacock feather quill.dx kimmel,unknown,,,,unknown,,,,absorbance,absorbance,"absorbance of natural & biogenic material of archeological interest. collected and provided by prof. steven weiner from kimmel center for archaeological science, weizmann institute of science, israel",5.01  $$ datafile exported by spectragryph v.1.2.15,1,-0.48212,unknown,,,,,,,,,,,,,,,,,,,,,,,,,,,,,,,,,,,,,,,,,,,,,,,,,,,,,,,,,,,,,,,,,,,,,,,,,,,,,,########,,,,,,,,,,,,,,,,,,,,,,,,other material,not plastic,,organic matter,0.90216
116,16,,,8089,-18142,50-100,50-100,fragment,black,,,16,V2.15,82c442104ae2e53365fa962509f4ca66,0.899642,0.7,TRUE,7.606118,4,TRUE,TRUE,1,4,BigMeadow_March182022_1_100_101-1210016.CSV,CC BY-NC,V2.15,bd642a3cea4aa3840a4315f2642c3cae/9fb8439a1a35efb2ddfa4e64815c4261,560c9358ff7e8eab6de271543781ba7a,6.466919,usda,ftir,soil,soil,127422xs02_usda,,,,,,,,,reflection,,,,,,bruker vertex-70 with hts-xt,,,,,,,,,,,,,,,,4 cm-1,cooled detector,"600 to 4000 cm1, applying 32 scans",,,,,,,,,,,,,,,,,,,,,,,,,,,,,,,,,,,,,,,,,,,,,,,,,,,,,,,,,,,,,,,,,,,,,,,,,,,,,,,,,,,,other material,not plastic,,other material,0.984888
117,17,,,8957,-7682,50-100,100-200,film,white ,on wire,,17,V2.16,713510cfb97e1508dcca30899a80895a,0.747599,0.7,TRUE,6.147863,4,TRUE,TRUE,2,4,BigMeadow_March182022_1_100_101-1210017.CSV,CC BY-NC,V2.16,bd642a3cea4aa3840a4315f2642c3cae/9fb8439a1a35efb2ddfa4e64815c4261,0f195e555b8813978e51b76030bd6d74,6.407789,usda,ftir,soil,soil,101733xs02_usda,,,,,,,,,reflection,,,,,,bruker vertex-70 with hts-xt,,,,,,,,,,,,,,,,4 cm-1,cooled detector,"600 to 4000 cm1, applying 32 scans",,,,,,,,,,,,,,,,,,,,,,,,,,,,,,,,,,,,,,,,,,,,,,,,,,,,,,,,,,,,,,,,,,,,,,,,,,,,,,,,,,,,other material,not plastic,,other material,0.984864
118,18,,,9405,-10077,50-100,100-200,fragment,brown,brown-orange,,18,V2.17,23ba1e977a3809742627dfc30621e493,0.849515,0.7,TRUE,8.598215,4,TRUE,TRUE,3,4,BigMeadow_March182022_1_100_101-1210018.CSV,CC BY-NC,V2.17,bd642a3cea4aa3840a4315f2642c3cae/9fb8439a1a35efb2ddfa4e64815c4261,33a504b74283f9583e9c58c4137d38af,6.596807,usda,ftir,soil,soil,298004xn03_usda,,,,,,,,,reflection,,,,,,bruker vertex-70 with hts-xt,,,,,,,,,,,,,,,,4 cm-1,cooled detector,"600 to 4000 cm1, applying 32 scans",,,,,,,,,,,,,,,,,,,,,,,,,,,,,,,,,,,,,,,,,,,,,,,,,,,,,,,,,,,,,,,,,,,,,,,,,,,,,,,,,,,,other material,not plastic,,other material,0.986419
119,19,,,8938,-13138,50-100,50-100,fragment,black,,,19,V2.18,2dd3a9e7f2c686633711481b2fa0fa0c,0.873491,0.7,TRUE,5.103461,4,TRUE,TRUE,4,4,BigMeadow_March182022_1_100_101-1210019.CSV,CC BY-NC,V2.18,bd642a3cea4aa3840a4315f2642c3cae/9fb8439a1a35efb2ddfa4e64815c4261,2d171e56619029cd9fce77674d1dfdce,8.04714,usda,ftir,soil,soil,73351xs02_usda,,,,,,,,,reflection,,,,,,bruker vertex-70 with hts-xt,,,,,,,,,,,,,,,,4 cm-1,cooled detector,"600 to 4000 cm1, applying 32 scans",,,,,,,,,,,,,,,,,,,,,,,,,,,,,,,,,,,,,,,,,,,,,,,,,,,,,,,,,,,,,,,,,,,,,,,,,,,,,,,,,,,,other material,not plastic,,other material,0.988942
120,20,,,9607,-14167,50-100,50-100,fragment,brown,,,20,V2.19,45e6b3d089c8f1eb3526bf27c9cdb633,0.790049,0.7,TRUE,8.179583,4,TRUE,TRUE,5,4,BigMeadow_March182022_1_100_101-1210020.CSV,CC BY-NC,V2.19,bd642a3cea4aa3840a4315f2642c3cae/9fb8439a1a35efb2ddfa4e64815c4261,eefc2dbd083f9724b746f0840c703a05,15.06957,kimmel_center,ftir,recent pollen 3 pinus,"organic materials, minerals, archeology",./pollen 3 pinus recent.dx kimmel,unknown,,,,unknown,,,,absorbance,absorbance,"absorbance of natural & biogenic material of archeological interest. collected and provided by prof. steven weiner from kimmel center for archaeological science, weizmann institute of science, israel",5.01  $$ datafile exported by spectragryph v.1.2.15,1,-0.96423,unknown,,,,,,,,,,,,,,,,,,,,,,,,,,,,,,,,,,,,,,,,,,,,,,,,,,,,,,,,,,,,,,,,,,,,,,,,,,,,,,########,,,,,,,,,,,,,,,,,,,,,,,,other material,not plastic,,other material,0.904896
121,21,,,10065,-10285,100-200,100-200,fragment,brown,,,21,V2.20,2e88aea710c5b0efab8129e2413bc8c3,0.927877,0.7,TRUE,5.843946,4,TRUE,TRUE,1,5,BigMeadow_March182022_1_100_101-1210021.CSV,CC BY-NC,V2.20,bd642a3cea4aa3840a4315f2642c3cae/9fb8439a1a35efb2ddfa4e64815c4261,dc31977ad67ec5a5fbc9b1a2fed3e57a,7.335604,win cowger and sebastian primpke,ftir,fur_angora_rabbit,"polymer, minerals, organic materials",reflectance_5_c7_1,,,,,awi,,,,reflectance,,,,,,,,cowger et al. 'high throughput ftir analysis of macro and microplastics with plate readers' in prep,,,,,,,,,,,,fur,fur_angora_rabbit,,,,,,,,,,,,,,,,,,,,,,,,,,,,,,,,,,,,,,faserinstitut bremen,,,,,,,,,,,,,,,,,,,,,,,,,,,,,,,,,,,,,,,,,,,,,none,,,,organic matter,not plastic,,organic matter,0.989257
